t,angle,setpoint,dq,tau_cmd,tau_load,Fx,Fy,Fz,Mx,My,Mz,pos_err,rot_err,risk,b0,b1,b2,b3,b4
0.005,0.0,0.0,0.0,0.0,0.0,0.0,0.0,0.0,0.0,0.0,0.0,0.0,0.0,0.0,0.2,0.2,0.2,0.2,0.2
0.11,0.0,0.0,0.0,0.0,0.0,0.0,0.0,0.0,0.0,0.0,0.0,0.0,0.0,0.0,0.2,0.2,0.2,0.2,0.2
0.215,0.0,0.0,0.0,0.0,0.0,0.0,0.0,0.0,0.0,0.0,0.0,0.0,0.0,0.0,0.2,0.2,0.2,0.2,0.2
0.315,0.0,0.0,0.0,0.0,0.0,0.0,0.0,0.0,0.0,0.0,0.0,0.0,0.0,0.0,0.2,0.2,0.2,0.2,0.2
0.41500000000000004,0.0,0.0,0.0,0.0,0.0,0.0,0.0,0.0,0.0,0.0,0.0,0.0,0.0,0.0,0.2,0.2,0.2,0.2,0.2
0.52,0.0,0.0,0.0,0.0,0.0,0.0,0.0,0.0,0.0,0.0,0.0,0.0,0.0,0.0,0.2,0.2,0.2,0.2,0.2
0.625,0.0,0.0,0.0,0.0,0.0,0.0,0.0,0.0,0.0,0.0,0.0,0.0,0.0,0.0,0.2,0.2,0.2,0.2,0.2
0.73,0.0,0.0,0.0,0.0,0.0,0.0,0.0,0.0,0.0,0.0,0.0,0.0,0.0,0.0,0.2,0.2,0.2,0.2,0.2
0.8300000000000001,0.0,0.0,0.0,0.0,0.0,0.0,0.0,0.0,0.0,0.0,0.0,0.0,0.0,0.0,0.2,0.2,0.2,0.2,0.2
0.935,0.0,0.0,0.0,0.0,0.0,0.0,0.0,0.0,0.0,0.0,0.0,0.0,0.0,0.0,0.2,0.2,0.2,0.2,0.2
1.04,0.0,0.0,0.0,0.0,0.0,0.0,0.0,0.0,0.0,0.0,0.0,0.0,0.0,0.0,0.2,0.2,0.2,0.2,0.2
1.1400000000000001,0.0,0.0,0.0,0.0,0.0,0.0,0.0,0.0,0.0,0.0,0.0,0.0,0.0,0.0,0.2,0.2,0.2,0.2,0.2
1.245,0.0,0.0,0.0,0.0,0.0,0.0,0.0,0.0,0.0,0.0,0.0,0.0,0.0,0.0,0.2,0.2,0.2,0.2,0.2
1.35,0.0,0.0,0.0,0.0,0.0,0.0,0.0,0.0,0.0,0.0,0.0,0.0,0.0,0.0,0.2,0.2,0.2,0.2,0.2
1.455,0.0,0.0,0.0,0.0,0.0,0.0,0.0,0.0,0.0,0.0,0.0,0.0,0.0,0.0,0.2,0.2,0.2,0.2,0.2
1.56,0.0,0.0,0.0,0.0,0.0,0.0,0.0,0.0,0.0,0.0,0.0,0.0,0.0,0.0,0.2,0.2,0.2,0.2,0.2
1.6600000000000001,0.0,0.0,0.0,0.0,0.0,0.0,0.0,0.0,0.0,0.0,0.0,0.0,0.0,0.0,0.2,0.2,0.2,0.2,0.2
1.7650000000000001,0.0,0.0,0.0,0.0,0.0,0.0,0.0,0.0,0.0,0.0,0.0,0.0,0.0,0.0,0.2,0.2,0.2,0.2,0.2
1.87,0.0,0.0,0.0,0.0,0.0,0.0,0.0,0.0,0.0,0.0,0.0,0.0,0.0,0.0,0.2,0.2,0.2,0.2,0.2
1.975,0.0,0.0,0.0,0.0,0.0,0.0,0.0,0.0,0.0,0.0,0.0,0.0,0.0,0.0,0.2,0.2,0.2,0.2,0.2
2.075,0.0,0.0,0.0,0.0,0.0,0.0,0.0,0.0,0.0,0.0,0.0,0.0,0.0,0.0,0.2,0.2,0.2,0.2,0.2
2.1750000000000003,0.0,0.0,0.0,0.0,0.0,0.0,0.0,0.0,0.0,0.0,0.0,0.0,0.0,0.0,0.2,0.2,0.2,0.2,0.2
2.2800000000000002,0.0,0.0,0.0,0.0,0.0,0.0,0.0,0.0,0.0,0.0,0.0,0.0,0.0,0.0,0.2,0.2,0.2,0.2,0.2
2.3850000000000002,0.0,0.0,0.0,0.0,0.0,0.0,0.0,0.0,0.0,0.0,0.0,0.0,0.0,0.0,0.2,0.2,0.2,0.2,0.2
2.49,0.0,0.0,0.0,0.0,0.0,0.0,0.0,0.0,0.0,0.0,0.0,0.0,0.0,0.0,0.2,0.2,0.2,0.2,0.2
2.595,0.0,0.0,0.0,0.0,0.0,0.0,0.0,0.0,0.0,0.0,0.0,0.0,0.0,0.0,0.2,0.2,0.2,0.2,0.2
2.7,0.0,0.0,0.0,0.0,0.0,0.0,0.0,0.0,0.0,0.0,0.0,0.0,0.0,0.0,0.2,0.2,0.2,0.2,0.2
2.8000000000000003,0.0,0.0,0.0,0.0,0.0,0.0,0.0,0.0,0.0,0.0,0.0,0.0,0.0,0.0,0.2,0.2,0.2,0.2,0.2
2.9050000000000002,0.0,0.0,0.0,0.0,0.0,0.0,0.0,0.0,0.0,0.0,0.0,0.0,0.0,0.0,0.2,0.2,0.2,0.2,0.2
3.0100000000000002,0.0,0.0,0.0,0.0,0.0,0.0,0.0,0.0,0.0,0.0,0.0,0.0,0.0,0.0,0.2,0.2,0.2,0.2,0.2
3.115,0.0,0.0,0.0,0.0,0.0,0.0,0.0,0.0,0.0,0.0,0.0,0.0,0.0,0.0,0.2,0.2,0.2,0.2,0.2
3.22,0.0,0.0,0.0,0.0,0.0,0.0,0.0,0.0,0.0,0.0,0.0,0.0,0.0,0.0,0.2,0.2,0.2,0.2,0.2
3.3200000000000003,0.0,0.0,0.0,0.0,0.0,0.0,0.0,0.0,0.0,0.0,0.0,0.0,0.0,0.0,0.2,0.2,0.2,0.2,0.2
3.4250000000000003,0.0,0.0,0.0,0.0,0.0,0.0,0.0,0.0,0.0,0.0,0.0,0.0,0.0,0.0,0.2,0.2,0.2,0.2,0.2
3.5300000000000002,0.0,0.0,0.0,0.0,0.0,0.0,0.0,0.0,0.0,0.0,0.0,0.0,0.0,0.0,0.2,0.2,0.2,0.2,0.2
3.6350000000000002,0.0,0.0,0.0,0.0,0.0,0.0,0.0,0.0,0.0,0.0,0.0,0.0,0.0,0.0,0.2,0.2,0.2,0.2,0.2
3.74,0.0,0.0,0.0,0.0,0.0,0.0,0.0,0.0,0.0,0.0,0.0,0.0,0.0,0.0,0.2,0.2,0.2,0.2,0.2
3.845,0.0,0.0,0.0,0.0,0.0,0.0,0.0,0.0,0.0,0.0,0.0,0.0,0.0,0.0,0.2,0.2,0.2,0.2,0.2
3.9450000000000003,0.0,0.0,0.0,0.0,0.0,0.0,0.0,0.0,0.0,0.0,0.0,0.0,0.0,0.0,0.2,0.2,0.2,0.2,0.2
4.05,0.0,0.0,0.0,0.0,0.0,0.0,0.0,0.0,0.0,0.0,0.0,0.0,0.0,0.0,0.2,0.2,0.2,0.2,0.2
4.15,0.0,0.0,0.0,0.0,0.0,0.0,0.0,0.0,0.0,0.0,0.0,0.0,0.0,0.0,0.2,0.2,0.2,0.2,0.2
4.255,0.0,0.0,0.0,0.0,0.0,0.0,0.0,0.0,0.0,0.0,0.0,0.0,0.0,0.0,0.2,0.2,0.2,0.2,0.2
4.355,0.0,0.0,0.0,0.0,0.0,0.0,0.0,0.0,0.0,0.0,0.0,0.0,0.0,0.0,0.2,0.2,0.2,0.2,0.2
4.46,0.0,0.0,0.0,0.0,0.0,0.0,0.0,0.0,0.0,0.0,0.0,0.0,0.0,0.0,0.2,0.2,0.2,0.2,0.2
4.5600000000000005,0.0,0.0,0.0,0.0,0.0,0.0,0.0,0.0,0.0,0.0,0.0,0.0,0.0,0.0,0.2,0.2,0.2,0.2,0.2
4.665,0.0,0.0,0.0,0.0,0.0,0.0,0.0,0.0,0.0,0.0,0.0,0.0,0.0,0.0,0.2,0.2,0.2,0.2,0.2
4.7700000000000005,0.0,0.0,0.0,0.0,0.0,0.0,0.0,0.0,0.0,0.0,0.0,0.0,0.0,0.0,0.2,0.2,0.2,0.2,0.2
4.875,0.0,0.0,0.0,0.0,0.0,0.0,0.0,0.0,0.0,0.0,0.0,0.0,0.0,0.0,0.2,0.2,0.2,0.2,0.2
4.9750000000000005,0.0,0.0,0.0,0.0,0.0,0.0,0.0,0.0,0.0,0.0,0.0,0.0,0.0,0.0,0.2,0.2,0.2,0.2,0.2
5.08,0.0,0.0,0.0,0.0,0.0,0.0,0.0,0.0,0.0,0.0,0.0,0.0,0.0,0.0,0.2,0.2,0.2,0.2,0.2
5.1850000000000005,0.0,0.0,0.0,0.0,0.0,0.0,0.0,0.0,0.0,0.0,0.0,0.0,0.0,0.0,0.2,0.2,0.2,0.2,0.2
5.29,0.0,0.0,0.0,0.0,0.0,0.0,0.0,0.0,0.0,0.0,0.0,0.0,0.0,0.0,0.2,0.2,0.2,0.2,0.2
5.3950000000000005,0.0,0.0,0.0,0.0,0.0,0.0,0.0,0.0,0.0,0.0,0.0,0.0,0.0,0.0,0.2,0.2,0.2,0.2,0.2
5.5,0.0,0.0,0.0,0.0,0.0,0.0,0.0,0.0,0.0,0.0,0.0,0.0,0.0,0.0,0.2,0.2,0.2,0.2,0.2
5.6000000000000005,0.0,0.0,0.0,0.0,0.0,0.0,0.0,0.0,0.0,0.0,0.0,0.0,0.0,0.0,0.2,0.2,0.2,0.2,0.2
5.705,0.0,0.0,0.0,0.0,0.0,0.0,0.0,0.0,0.0,0.0,0.0,0.0,0.0,0.0,0.2,0.2,0.2,0.2,0.2
5.8100000000000005,0.0,0.0,0.0,0.0,0.0,0.0,0.0,0.0,0.0,0.0,0.0,0.0,0.0,0.0,0.2,0.2,0.2,0.2,0.2
5.915,0.0,0.0,0.0,0.0,0.0,0.0,0.0,0.0,0.0,0.0,0.0,0.0,0.0,0.0,0.2,0.2,0.2,0.2,0.2
6.015000000000001,0.0,0.0,0.0,0.0,0.0,0.0,0.0,0.0,0.0,0.0,0.0,0.0,0.0,0.0,0.2,0.2,0.2,0.2,0.2
6.12,0.0,0.0,0.0,0.0,0.0,0.0,0.0,0.0,0.0,0.0,0.0,0.0,0.0,0.0,0.2,0.2,0.2,0.2,0.2
6.2250000000000005,0.0,0.0,0.0,0.0,0.0,0.0,0.0,0.0,0.0,0.0,0.0,0.0,0.0,0.0,0.2,0.2,0.2,0.2,0.2
6.33,0.0,0.0,0.0,0.0,0.0,0.0,0.0,0.0,0.0,0.0,0.0,0.0,0.0,0.0,0.2,0.2,0.2,0.2,0.2
6.4350000000000005,0.0,0.0,0.0,0.0,0.0,0.0,0.0,0.0,0.0,0.0,0.0,0.0,0.0,0.0,0.2,0.2,0.2,0.2,0.2
6.54,0.0,0.0,0.0,0.0,0.0,0.0,0.0,0.0,0.0,0.0,0.0,0.0,0.0,0.0,0.2,0.2,0.2,0.2,0.2
6.640000000000001,0.0,0.0,0.0,0.0,0.0,0.0,0.0,0.0,0.0,0.0,0.0,0.0,0.0,0.0,0.2,0.2,0.2,0.2,0.2
6.745,0.0,0.0,0.0,0.0,0.0,0.0,0.0,0.0,0.0,0.0,0.0,0.0,0.0,0.0,0.2,0.2,0.2,0.2,0.2
6.8500000000000005,0.0,0.0,0.0,0.0,0.0,0.0,0.0,0.0,0.0,0.0,0.0,0.0,0.0,0.0,0.2,0.2,0.2,0.2,0.2
6.955,0.0,0.0,0.0,0.0,0.0,0.0,0.0,0.0,0.0,0.0,0.0,0.0,0.0,0.0,0.2,0.2,0.2,0.2,0.2
7.0600000000000005,0.0,0.0,0.0,0.0,0.0,0.0,0.0,0.0,0.0,0.0,0.0,0.0,0.0,0.0,0.2,0.2,0.2,0.2,0.2
7.165,0.0,0.0,0.0,0.0,0.0,0.0,0.0,0.0,0.0,0.0,0.0,0.0,0.0,0.0,0.2,0.2,0.2,0.2,0.2
7.265000000000001,0.0,0.0,0.0,0.0,0.0,0.0,0.0,0.0,0.0,0.0,0.0,0.0,0.0,0.0,0.2,0.2,0.2,0.2,0.2
7.37,0.0,0.0,0.0,0.0,0.0,0.0,0.0,0.0,0.0,0.0,0.0,0.0,0.0,0.0,0.2,0.2,0.2,0.2,0.2
7.4750000000000005,0.0,0.0,0.0,0.0,0.0,0.0,0.0,0.0,0.0,0.0,0.0,0.0,0.0,0.0,0.2,0.2,0.2,0.2,0.2
7.58,0.0,0.0,0.0,0.0,0.0,0.0,0.0,0.0,0.0,0.0,0.0,0.0,0.0,0.0,0.2,0.2,0.2,0.2,0.2
7.6850000000000005,0.0,0.0,0.0,0.0,0.0,0.0,0.0,0.0,0.0,0.0,0.0,0.0,0.0,0.0,0.2,0.2,0.2,0.2,0.2
7.79,0.0,0.0,0.0,0.0,0.0,0.0,0.0,0.0,0.0,0.0,0.0,0.0,0.0,0.0,0.2,0.2,0.2,0.2,0.2
7.890000000000001,0.0,0.0,0.0,0.0,0.0,0.0,0.0,0.0,0.0,0.0,0.0,0.0,0.0,0.0,0.2,0.2,0.2,0.2,0.2
7.995,0.0,0.0,0.0,0.0,0.0,0.0,0.0,0.0,0.0,0.0,0.0,0.0,0.0,0.0,0.2,0.2,0.2,0.2,0.2
8.095,0.0,0.0,0.0,0.0,0.0,0.0,0.0,0.0,0.0,0.0,0.0,0.0,0.0,0.0,0.2,0.2,0.2,0.2,0.2
8.2,0.0,0.0,0.0,0.0,0.0,0.0,0.0,0.0,0.0,0.0,0.0,0.0,0.0,0.0,0.2,0.2,0.2,0.2,0.2
8.3,0.0,0.0,0.0,0.0,0.0,0.0,0.0,0.0,0.0,0.0,0.0,0.0,0.0,0.0,0.2,0.2,0.2,0.2,0.2
8.405,0.0,0.0,0.0,0.0,0.0,0.0,0.0,0.0,0.0,0.0,0.0,0.0,0.0,0.0,0.2,0.2,0.2,0.2,0.2
8.505,0.0,0.0,0.0,0.0,0.0,0.0,0.0,0.0,0.0,0.0,0.0,0.0,0.0,0.0,0.2,0.2,0.2,0.2,0.2
8.61,0.0,0.0,0.0,0.0,0.0,0.0,0.0,0.0,0.0,0.0,0.0,0.0,0.0,0.0,0.2,0.2,0.2,0.2,0.2
8.71,0.0,0.0,0.0,0.0,0.0,0.0,0.0,0.0,0.0,0.0,0.0,0.0,0.0,0.0,0.2,0.2,0.2,0.2,0.2
8.815,0.0,0.0,0.0,0.0,0.0,0.0,0.0,0.0,0.0,0.0,0.0,0.0,0.0,0.0,0.2,0.2,0.2,0.2,0.2
8.915000000000001,0.0,0.0,0.0,0.0,0.0,0.0,0.0,0.0,0.0,0.0,0.0,0.0,0.0,0.0,0.2,0.2,0.2,0.2,0.2
9.02,0.0,0.0,0.0,0.0,0.0,0.0,0.0,0.0,0.0,0.0,0.0,0.0,0.0,0.0,0.2,0.2,0.2,0.2,0.2
9.120000000000001,0.0,0.0,0.0,0.0,0.0,0.0,0.0,0.0,0.0,0.0,0.0,0.0,0.0,0.0,0.2,0.2,0.2,0.2,0.2
9.225,0.0,0.0,0.0,0.0,0.0,0.0,0.0,0.0,0.0,0.0,0.0,0.0,0.0,0.0,0.2,0.2,0.2,0.2,0.2
9.325000000000001,0.0,0.0,0.0,0.0,0.0,0.0,0.0,0.0,0.0,0.0,0.0,0.0,0.0,0.0,0.2,0.2,0.2,0.2,0.2
9.43,0.0,0.0,0.0,0.0,0.0,0.0,0.0,0.0,0.0,0.0,0.0,0.0,0.0,0.0,0.2,0.2,0.2,0.2,0.2
9.535,0.0,0.0,0.0,0.0,0.0,0.0,0.0,0.0,0.0,0.0,0.0,0.0,0.0,0.0,0.2,0.2,0.2,0.2,0.2
9.64,0.0,0.0,0.0,0.0,0.0,0.0,0.0,0.0,0.0,0.0,0.0,0.0,0.0,0.0,0.2,0.2,0.2,0.2,0.2
9.745000000000001,0.0,0.0,0.0,0.0,0.0,0.0,0.0,0.0,0.0,0.0,0.0,0.0,0.0,0.0,0.2,0.2,0.2,0.2,0.2
9.85,0.0,0.0,0.0,0.0,0.0,0.0,0.0,0.0,0.0,0.0,0.0,0.0,0.0,0.0,0.2,0.2,0.2,0.2,0.2
9.950000000000001,0.0,0.0,0.0,0.0,0.0,0.0,0.0,0.0,0.0,0.0,0.0,0.0,0.0,0.0,0.2,0.2,0.2,0.2,0.2
10.055,0.0,0.0,0.0,0.0,0.0,0.0,0.0,0.0,0.0,0.0,0.0,0.0,0.0,0.0,0.2,0.2,0.2,0.2,0.2
10.16,0.0,0.0,0.0,0.0,0.0,0.0,0.0,0.0,0.0,0.0,0.0,0.0,0.0,0.0,0.2,0.2,0.2,0.2,0.2
10.265,0.0,0.0,0.0,0.0,0.0,0.0,0.0,0.0,0.0,0.0,0.0,0.0,0.0,0.0,0.2,0.2,0.2,0.2,0.2
10.370000000000001,0.0,0.0,0.0,0.0,0.0,0.0,0.0,0.0,0.0,0.0,0.0,0.0,0.0,0.0,0.2,0.2,0.2,0.2,0.2
10.475,0.0,0.0,0.0,0.0,0.0,0.0,0.0,0.0,0.0,0.0,0.0,0.0,0.0,0.0,0.2,0.2,0.2,0.2,0.2
10.575000000000001,0.0,0.0,0.0,0.0,0.0,0.0,0.0,0.0,0.0,0.0,0.0,0.0,0.0,0.0,0.2,0.2,0.2,0.2,0.2
10.68,0.0,0.0,0.0,0.0,0.0,0.0,0.0,0.0,0.0,0.0,0.0,0.0,0.0,0.0,0.2,0.2,0.2,0.2,0.2
10.785,0.0,0.0,0.0,0.0,0.0,0.0,0.0,0.0,0.0,0.0,0.0,0.0,0.0,0.0,0.2,0.2,0.2,0.2,0.2
10.89,0.0,0.0,0.0,0.0,0.0,0.0,0.0,0.0,0.0,0.0,0.0,0.0,0.0,0.0,0.2,0.2,0.2,0.2,0.2
10.995000000000001,0.0,0.0,0.0,0.0,0.0,0.0,0.0,0.0,0.0,0.0,0.0,0.0,0.0,0.0,0.2,0.2,0.2,0.2,0.2
11.1,0.0,0.0,0.0,0.0,0.0,0.0,0.0,0.0,0.0,0.0,0.0,0.0,0.0,0.0,0.2,0.2,0.2,0.2,0.2
11.200000000000001,0.0,0.0,0.0,0.0,0.0,0.0,0.0,0.0,0.0,0.0,0.0,0.0,0.0,0.0,0.2,0.2,0.2,0.2,0.2
11.305,0.0,0.0,0.0,0.0,0.0,0.0,0.0,0.0,0.0,0.0,0.0,0.0,0.0,0.0,0.2,0.2,0.2,0.2,0.2
11.41,0.0,0.0,0.0,0.0,0.0,0.0,0.0,0.0,0.0,0.0,0.0,0.0,0.0,0.0,0.2,0.2,0.2,0.2,0.2
11.515,0.0,0.0,0.0,0.0,0.0,0.0,0.0,0.0,0.0,0.0,0.0,0.0,0.0,0.0,0.2,0.2,0.2,0.2,0.2
11.620000000000001,0.0,0.0,0.0,0.0,0.0,0.0,0.0,0.0,0.0,0.0,0.0,0.0,0.0,0.0,0.2,0.2,0.2,0.2,0.2
11.725,0.0,0.0,0.0,0.0,0.0,0.0,0.0,0.0,0.0,0.0,0.0,0.0,0.0,0.0,0.2,0.2,0.2,0.2,0.2
11.825000000000001,0.0,0.0,0.0,0.0,0.0,0.0,0.0,0.0,0.0,0.0,0.0,0.0,0.0,0.0,0.2,0.2,0.2,0.2,0.2
11.93,0.0,0.0,0.0,0.0,0.0,0.0,0.0,0.0,0.0,0.0,0.0,0.0,0.0,0.0,0.2,0.2,0.2,0.2,0.2
12.030000000000001,0.0,0.0,0.0,0.0,0.0,0.0,0.0,0.0,0.0,0.0,0.0,0.0,0.0,0.0,0.2,0.2,0.2,0.2,0.2
12.135,0.0,0.0,0.0,0.0,0.0,0.0,0.0,0.0,0.0,0.0,0.0,0.0,0.0,0.0,0.2,0.2,0.2,0.2,0.2
12.24,0.0,0.0,0.0,0.0,0.0,0.0,0.0,0.0,0.0,0.0,0.0,0.0,0.0,0.0,0.2,0.2,0.2,0.2,0.2
12.345,0.0,0.0,0.0,0.0,0.0,0.0,0.0,0.0,0.0,0.0,0.0,0.0,0.0,0.0,0.2,0.2,0.2,0.2,0.2
12.450000000000001,0.0,0.0,0.0,0.0,0.0,0.0,0.0,0.0,0.0,0.0,0.0,0.0,0.0,0.0,0.2,0.2,0.2,0.2,0.2
12.555,0.0,0.0,0.0,0.0,0.0,0.0,0.0,0.0,0.0,0.0,0.0,0.0,0.0,0.0,0.2,0.2,0.2,0.2,0.2
12.655000000000001,0.0,0.0,0.0,0.0,0.0,0.0,0.0,0.0,0.0,0.0,0.0,0.0,0.0,0.0,0.2,0.2,0.2,0.2,0.2
12.76,0.0,0.0,0.0,0.0,0.0,0.0,0.0,0.0,0.0,0.0,0.0,0.0,0.0,0.0,0.2,0.2,0.2,0.2,0.2
12.865,0.0,0.0,0.0,0.0,0.0,0.0,0.0,0.0,0.0,0.0,0.0,0.0,0.0,0.0,0.2,0.2,0.2,0.2,0.2
12.97,0.0,0.0,0.0,0.0,0.0,0.0,0.0,0.0,0.0,0.0,0.0,0.0,0.0,0.0,0.2,0.2,0.2,0.2,0.2
13.075000000000001,0.0,0.0,0.0,0.0,0.0,0.0,0.0,0.0,0.0,0.0,0.0,0.0,0.0,0.0,0.2,0.2,0.2,0.2,0.2
13.18,0.0,0.0,0.0,0.0,0.0,0.0,0.0,0.0,0.0,0.0,0.0,0.0,0.0,0.0,0.2,0.2,0.2,0.2,0.2
13.280000000000001,0.0,0.0,0.0,0.0,0.0,0.0,0.0,0.0,0.0,0.0,0.0,0.0,0.0,0.0,0.2,0.2,0.2,0.2,0.2
13.385,0.0,0.0,0.0,0.0,0.0,0.0,0.0,0.0,0.0,0.0,0.0,0.0,0.0,0.0,0.2,0.2,0.2,0.2,0.2
13.49,0.0,0.0,0.0,0.0,0.0,0.0,0.0,0.0,0.0,0.0,0.0,0.0,0.0,0.0,0.2,0.2,0.2,0.2,0.2
13.595,0.0,0.0,0.0,0.0,0.0,0.0,0.0,0.0,0.0,0.0,0.0,0.0,0.0,0.0,0.2,0.2,0.2,0.2,0.2
13.700000000000001,-0.02830033178082711,0.007330382858376184,-1.579683307123827,5.0,0.19203504440933,135.82848868451953,-146.5023366966833,14.212248836902234,-6.675970262793327,-8.57987601745442,25.03711844914524,0.01716876074143687,0.022634693861516685,0.0,0.2,0.2,0.2,0.2,0.2
13.805,-0.01838810270401482,0.02932153143350475,0.411702673664492,-4.163439160344309,0.745113760238871,-72.18152433526573,40.728773532317085,-5.552627318256826,0.7116877336232181,-1.2747526007711034,-3.3991593717342705,0.01168822508255529,0.031111756319054294,0.0,0.2,0.2,0.2,0.2,0.2
13.905000000000001,0.016774825827679408,0.05026548245743666,0.10366345948873439,5.0,1.1979574353752058,-56.45806472936985,62.90659003017544,-33.50255901762539,-0.20996761902557992,5.934444789454593,-8.170571830935062,0.02294866429523325,0.030577066140118205,0.0,0.2,0.2,0.2,0.2,0.2
14.01,0.05724815775791338,0.07225663103256522,0.36782768191438964,-4.859528309360845,1.5465898526552107,-68.86037508444431,102.08942487047986,-23.172690881273343,4.010699923517304,11.905033911631719,-18.10275027345422,0.02641845727628239,0.06370362991206442,0.0,0.2,0.2,0.2,0.2,0.2
14.115,0.09352180781316033,0.09424777960769386,0.28376380940632523,-2.6868751823610597,1.7284545960414903,-61.538261813263006,103.23402972143637,-12.243261788906477,8.363317561880296,15.755136877237291,-21.38398913217528,0.026479507583150694,0.08956580178811445,0.0,0.2,0.2,0.2,0.2,0.2
14.22,0.12896701563795504,0.1162389281828225,0.18693914038146664,-0.5166626681606786,1.7239413207708547,-56.84986557851749,100.76790691272868,-7.331135006253177,12.595850676818898,18.102400128558294,-22.554789302913758,0.02696005721573437,0.10831399009808067,0.0,0.2,0.2,0.2,0.2,0.2
14.325000000000001,0.16204739189487186,0.13823007675795096,0.18605709523536687,-1.656329648984267,1.533536690076761,-56.84322972429328,99.75328845854744,-4.934488960679021,16.01386928324859,18.56406510141224,-23.510475513703685,0.026525426962304838,0.11887501219191769,0.0,1.9715858980124664e-06,1.9715858980124664e-06,0.12805122218647702,0.042518631604960666,0.8294262030367663
14.43,0.19219359095398209,0.1602212253330793,0.18276008554336295,-1.7867095966984465,1.1777718986421084,-54.69762478933695,95.1636291918562,-4.04812841806882,18.21201729576227,17.466109424103237,-23.544674266232718,0.025148560979048325,0.12253283741458423,0.0,0.2,0.2,0.2,0.2,0.2
14.530000000000001,0.21845103199869068,0.18116517635701107,0.1518700839835952,-1.2984226278227824,0.7201501275589396,-49.93314165881658,87.82382788081429,-4.402846613683503,19.189950804471447,15.533439322054374,-22.72510336407014,0.023441111042997786,0.12130775500469203,0.0,0.2,0.2,0.2,0.2,0.2
14.635,0.24397238717304165,0.20315632493213942,0.105816619892239,0.25139574428994194,0.1646895483074063,-44.29318297469459,79.37385118171618,-5.708341640593022,19.3164452142059,13.182968652467045,-21.325423638414787,0.02172251396769501,0.11677922749651885,0.0,0.00017020087574504353,0.00017020087574504353,0.006174213535491009,0.4578062720680687,0.5356791126449503
14.74,0.26754585012497567,0.22514747350726777,0.08552684895591049,0.7809718634321253,-0.40852938674783046,-41.150296382848495,72.3859701287569,-7.436922543788259,18.74599430384321,10.843743589626483,-20.041927782184903,0.020149471854474906,0.1101230264420297,0.0,0.2,0.2,0.2,0.2,0.2
14.845,0.2893217460131915,0.24713862208239612,0.08981163441263863,0.3730511050881052,-0.9376968912132424,-40.21770996984162,66.81030421954043,-9.26612411259363,17.675062532252525,8.696098950182359,-18.98754051339099,0.018710381378499657,0.1023468107402427,0.0,0.0019699258373355867,0.002102915298935023,0.42552479106233604,0.10462720653623056,0.46577516126516283
14.950000000000001,0.30965633984225194,0.26912977065752447,0.0950734823758669,0.627353312206696,-1.365753212842077,-39.510537877218425,61.766784623987945,-11.061336348945375,16.293967368427932,6.8276575449787416,-17.96580479668615,0.017434974208492108,0.09430558037819763,0.0,0.2,0.2,0.2,0.2,0.2
15.055,0.3291299867552918,0.2911209192326528,0.07319215167512194,1.7393686610217447,-1.6465413456698923,-37.133552491930686,56.55632091733697,-12.82691977863037,14.794983525145032,5.308126523240768,-16.686904092548023,0.016477564646557464,0.08672507910204635,0.0,0.5096168241507271,0.48787688452545996,0.0023956272460760905,2.69983233050615e-05,8.366575443180935e-05
15.155000000000001,0.34774719065293824,0.3120648702565846,0.055790158025929744,2.2371681371820773,-1.7491364806400302,-36.489193336411034,53.2125366011671,-14.691092936754247,13.476572985095492,4.348973000220533,-15.62014627395556,0.016137294136637243,0.08058072997085383,0.0,0.2,0.2,0.2,0.2,0.2
15.26,0.3675501966412591,0.33405601883171293,0.07794278326791394,1.4044387644110532,-1.6726377758970796,-39.75143402475281,52.18011877050266,-16.69721557857992,12.266956512299027,3.7417380161944416,-15.159533311183532,0.016115545752998336,0.07526664864947535,0.0,0.0002488952187206493,0.0002488952187206493,0.001241325466759734,0.006448053285834086,0.9918128308099649
15.365,0.38780187523705795,0.3560471674068413,0.10860138718099652,0.7668056081400705,-1.415779740156161,-43.85747414372777,52.06163971113347,-18.725472779126008,11.22518445384504,3.368291428037171,-14.992175177032335,0.016273646572437964,0.07107155988029255,0.0,0.2,0.2,0.2,0.2,0.2
15.47,0.4089081754155231,0.37803831598196963,0.11677099881932594,0.3827867692353502,-1.0062591910757392,-46.40326503941067,51.87574291612435,-20.86464937921461,10.36842891581732,3.15333018321215,-14.718344677907814,0.016651858130864592,0.06804154744219275,0.0,0.2,0.2,0.2,0.2,0.2
15.575000000000001,0.4311902453023174,0.400029464557098,0.10912638339567787,1.0262789356171198,-0.48823443556865037,-48.288579005792045,51.962915900329904,-23.133836506240296,9.731192132195806,3.116712393092689,-14.360194922193264,0.01731045838160999,0.06615036539669192,0.0,0.024479176208112637,0.28262396320297123,0.13336343145977536,0.36296049966692073,0.19657292946222005
15.68,0.4547207068147614,0.42202061313222633,0.11359527121172674,0.6703176145437192,0.08243628874186755,-52.01395063385884,53.03155167799101,-25.465862507894215,9.302883810664257,3.251588330047553,-14.235960206892285,0.018215794160422922,0.06519479254448242,0.0,0.2,0.2,0.2,0.2,0.2
15.780000000000001,0.47797577904031885,0.4429645641561581,0.15564964085059999,-1.1406979625011036,0.6185809766137006,-58.77939626848466,55.089831411262935,-27.63408388905803,9.024977127722012,3.42560139189119,-14.66376901701451,0.01904682942842337,0.06469815277496657,0.0,0.2,0.2,0.2,0.2,0.2
15.885,0.502845835337866,0.46495571273128644,0.16717314689728172,-1.8620878883158094,1.1154919820602014,-62.574048410011564,56.07606249372092,-29.74691970099937,8.779982120191791,3.4789023863524986,-14.725478277649287,0.019748406104334884,0.06424258134303794,0.0,0.2,0.2,0.2,0.2,0.2
15.985000000000001,0.5264563294047536,0.4858996637552182,0.15570001618738605,-1.7345310513592591,1.4775738696285265,-63.63194575996119,55.9257370209179,-31.250242147407274,8.557348912161736,3.387563452434008,-14.473507236333528,0.020138664351871654,0.06354120745995086,0.0,0.2,0.2,0.2,0.2,0.2
16.09,0.5516163805146337,0.5078908123303469,0.1393390929056493,-0.8768234429157366,1.7016473606959326,-65.17811250061948,55.97297433284605,-32.885532539047325,8.38121423242163,3.4068010838270215,-14.086933287099622,0.020731532082302457,0.06291475360898349,0.0,0.9963353050198177,0.00038738348473772857,0.00045890445108683455,0.001973117195332646,0.0008452898490249928
16.19,0.5753527308149928,0.5288347633542798,0.12783312926134138,-0.9117351260632698,1.7446053340329737,-66.92886559540898,55.88623787281837,-34.20979241710049,8.224299125015692,3.448647661454476,-13.685837671664329,0.021212986281464907,0.0621035072047693,0.0,0.2,0.2,0.2,0.2,0.2
16.295,0.5993777299303372,0.5508259119294093,0.14004344797773305,-1.8290906956887796,1.6060705949469651,-70.17274085985093,55.491441021791125,-34.985487193474455,8.02559006575446,3.4380978460029525,-13.515488238045377,0.02139551746037544,0.060709126148391634,0.0,0.6631651530296235,0.33220940621269524,1.2936039873314814e-05,0.004599568677934605,1.2936039873314814e-05
16.4,0.6222001574915225,0.5728170605045388,0.14771649626903907,-2.1010874869189613,1.2943544162125755,-72.1748138739614,54.42678111305301,-35.3145605227197,7.784829090267764,3.3615506401050164,-13.21424997562376,0.02129709922614459,0.05878402451022785,0.0,0.2,0.2,0.2,0.2,0.2
16.5,0.6423894468122302,0.5937610115284717,0.12215734715982977,-1.1241792669671509,0.8670526697567187,-69.93759587074206,52.39784811411015,-35.101094290227245,7.501984411508747,3.1200073923893554,-12.470318212444274,0.0208467469158938,0.056358404531489416,0.0,0.2,0.2,0.2,0.2,0.2
16.6,0.661976161273225,0.6147049625524046,0.07586612175500664,0.4792443700173911,0.35487776687389394,-67.06254780109839,50.597436010489275,-35.00922938241691,7.239102142222387,3.094911332081651,-11.367821295453712,0.02072459524424858,0.054199189131907535,0.0,0.2,0.2,0.2,0.2,0.2
16.705000000000002,0.6813464702963195,0.6366961111275341,0.10125009665383931,-0.8007590466521933,-0.21933315873753673,-70.43128098732637,49.1442745937549,-34.59275045198968,6.953908248372081,3.2026813595035795,-11.127762685590184,0.02049349904273904,0.05180707256129692,0.0,0.861005712370785,0.13589797334529655,0.0030401330273800682,7.873781697958922e-06,4.8307474840493724e-05
16.81,0.6989976840692733,0.6586872597026636,0.11348575684893464,-0.32156958694991133,-0.7698935472478399,-71.00284925262034,47.237556733379805,-33.92719279157251,6.64786504284981,3.1207963644157672,-10.75318235843041,0.019901379367145967,0.048996373240068586,0.0,0.2,0.2,0.2,0.2,0.2
16.91,0.7153180015597237,0.6796312107265965,0.06658753440746565,1.6523241587190816,-1.2178473940365475,-67.38777996412924,45.78249754376125,-33.737066402242704,6.397113217580597,3.094987575873565,-9.687500170870088,0.019699234549473317,0.0467814547278168,0.0,0.002014485549345484,0.002014485549345484,0.002014485549345484,0.002014485549345484,0.9919420578026181
17.01,0.731867386717634,0.6981317007977318,0.04593647304910973,-3.231082382151513,-1.5465898526552146,-67.94351026160282,45.48316075511265,-34.29720826473991,6.217893316865475,3.39328627835679,-8.937084419502668,0.02005681317700567,0.04536453035100111,0.0,0.2,0.2,0.2,0.2,0.2
17.115000000000002,0.729188375450465,0.6981317007977318,-0.15403345991670903,2.954187201351457,-1.7284545960414917,-22.19580710491213,24.62279559389448,-18.111516299669113,5.046263371553476,0.35562839379171285,-5.100880048284619,0.011072761113336634,0.03350347260888342,0.0,0.35316414399258383,0.4757632554686278,0.057024200179596064,0.057024200179596064,0.057024200179596064
17.22,0.7294315609843574,0.6981317007977318,-0.17024146221977335,3.1709555986717786,-1.7239413207708565,-13.774152670778264,12.760412075576113,-8.216129355381193,3.8426513700334874,0.45606083615083065,-3.297941675579916,0.0074221372209365396,0.026947745301928075,0.0,0.2,0.2,0.2,0.2,0.2
17.32,0.728815740849166,0.6981317007977318,-0.09057504194706682,0.5728122454573675,-1.5465898526552153,-12.218827510131913,8.72134723690015,-5.005438325154996,2.986018584065916,0.37419430675396714,-3.0793599339336506,0.0050607718243583745,0.021064051787234778,0.0,0.04002836449643686,0.04002836449643686,0.04002836449643686,0.5529306885085445,0.3269842180021449
17.42,0.7284634932727874,0.6981317007977318,-0.10872320354596186,1.276785330138784,-1.2178473940365484,-5.97329262920735,5.851367486338651,-3.0743247375026206,2.2959314496356646,0.09989229463077076,-2.110324829758105,0.0037300360409484243,0.01672362520969937,0.0,0.3727078561521746,0.2870072845816697,0.3402752784456356,2.326563166771617e-06,7.2542573532852374e-06
17.525000000000002,0.7292266399020783,0.6981317007977318,-0.11022865805691155,1.2364608140970148,-0.7451137602388711,-4.942615113686832,4.666769390493548,-2.531994464477931,1.7638364422476822,0.15124074276821017,-1.565726912485296,0.0034595104114667407,0.013957498707470867,0.0,0.2,0.2,0.2,0.2,0.2
17.63,0.7311806394727713,0.6981317007977318,-0.10330529218314922,0.8431510290257279,-0.19203504440933977,-6.734484115505211,5.317195954418574,-3.408020117040036,1.4424989886598325,0.3662911528702313,-1.337897533795644,0.0038753052628465547,0.012560746713642249,0.0,0.2,0.2,0.2,0.2,0.2
17.73,0.7338417803228593,0.6981317007977318,-0.059310127510367835,-0.8521294616543296,0.3548777668738925,-12.352848103635115,6.646860348386439,-4.666324262425257,1.282236919380587,0.6041059440042865,-1.7708787259568926,0.004416658066948713,0.012018808505272606,0.0,0.0015522090053894427,0.0015522090053894427,0.0015522090053894427,0.9541632830484357,0.04118008993539613
17.830000000000002,0.7369992820681883,0.6981317007977318,-0.0610382203599901,-0.7638173579443756,0.8670526697567174,-13.724488987270513,8.078000642894564,-6.059174463390316,1.2301245876648155,0.67725150116267,-1.7615042479133831,0.00493159929445811,0.01188220938172338,0.0,0.10378523761282427,0.10378523761282427,0.10378523761282427,0.5848590495487028,0.10378523761282427
17.935,0.7412731567836138,0.6981317007977318,-0.08053350217003012,-0.6529047563062346,1.312694371853296,-14.573199727588591,9.778330827477138,-7.6620883213545925,1.2672231505440612,0.8636012201326987,-1.5545247640231608,0.005743408887262305,0.012406322568202075,0.0,0.2,0.2,0.2,0.2,0.2
18.035,0.7455243241095431,0.6981317007977318,-0.055614370089879836,-1.8691316543737284,1.6060705949469645,-18.71890338608322,10.903514541913342,-8.642299717007408,1.322008099857059,1.063240509917155,-1.9183678094305343,0.006292861645203807,0.012905702194164068,0.0,1.9769535513839834e-06,1.9769535513839834e-06,1.9769535513839834e-06,0.28070115754379504,0.7192929115955508
18.135,0.7491697365285753,0.6981317007977318,-0.05083236295047083,-2.2340582595302005,1.7422334380553903,-19.232181408649602,11.134499507994068,-8.866574171505992,1.359046075226273,1.024982039070895,-2.027881357906666,0.006307916510297075,0.012895465158499233,0.0,0.2,0.2,0.2,0.2,0.2
18.240000000000002,0.7524882994828298,0.6981317007977318,-0.08686591837831736,-1.236130485721141,1.701647360695933,-15.491664501935228,10.617299786515408,-8.484031841022333,1.362163786765888,0.9066314547363269,-1.5584811756949788,0.006111551393487735,0.012656153719613402,0.0,0.5047668293554965,0.2925684086450537,0.20266077824876622,1.9918753416601743e-06,1.9918753416601743e-06
18.345,0.7551660537401712,0.6981317007977318,-0.10218773969731682,-0.8086234655995314,1.4775738696285332,-13.17261857751625,9.441299704511186,-7.5165670441181405,1.3053382522212795,0.8581416939201637,-1.2528342473154757,0.0057408349331464536,0.012186335507417918,0.0,0.2,0.2,0.2,0.2,0.2
18.445,0.7564712141468523,0.6981317007977318,-0.08946986344961537,-1.7538062109361066,1.1154919820602098,-11.77629734045058,7.490510674208197,-5.8562298210609445,1.1761815456245779,0.6929180153169312,-1.267071042869932,0.004906251123102044,0.011121226292680425,0.0,7.282067214373209e-06,7.282067214373209e-06,7.282067214373209e-06,0.49344572429215106,0.5065324295062057
18.545,0.756375994504812,0.6981317007977318,-0.10130358603392763,-1.2831468404091122,0.6442179671981839,-6.885480540017257,4.783188583638243,-3.569981348861033,0.9741693456597215,0.3621618463232735,-0.920912064088756,0.003699531060362158,0.009533237625330725,0.0,0.2,0.2,0.2,0.2,0.2
18.650000000000002,0.7551635987923379,0.6981317007977318,-0.13196318502235777,0.09786575798102831,0.08243628874187059,0.012247614770062754,1.650195848330389,-0.9661653114745541,0.7029933292221671,0.025690184883800038,-0.2487015123130092,0.002425597660993493,0.007736588443742856,0.0,0.6545631385000785,0.32620861140616736,0.019221636742112205,3.306675821034226e-06,3.306675821034226e-06
18.755,0.7528744008661898,0.6981317007977318,-0.15811730905141025,1.12548525909511,-0.48823443556864154,6.512734950685521,-1.5604637530847918,1.6767758973686056,0.38562727335384733,-0.29135982764674095,0.39882647506471725,0.0012972612545147548,0.0059254803779520675,0.0,0.2,0.2,0.2,0.2,0.2
18.855,0.7499702469521533,0.6981317007977318,-0.1610293292867896,1.394164688956339,-0.9836459112412255,10.15343121533031,-4.433191276584279,4.021069370790383,0.06016173952307419,-0.4826539867404486,0.7587136309019649,0.0010541061147992506,0.004548586022126417,0.0,0.2,0.2,0.2,0.2,0.2
18.955000000000002,0.7463908578254638,0.6981317007977318,-0.13360768026971936,0.41797872124239394,-1.3827712716574616,11.034353139015288,-6.884465976969776,6.038236884035662,-0.2626137285179798,-0.6710407807168951,0.6903982345428588,0.0016649703099896622,0.0036533122725887638,0.0,1.5234963911492655e-06,1.5234963911492655e-06,2.3492322880868097e-05,0.2013582641748949,0.7986151965094419
19.06,0.7422561927338328,0.6981317007977318,-0.1379806588872614,1.4289247144946489,-1.6556493779481993,14.355853488649029,-8.796703643477292,7.5263870086135585,-0.5603815223991673,-0.9106495550403652,0.9822534281731192,0.002396515209362681,0.003516841339453114,0.0,2.8451297243438656e-06,2.8451297243438656e-06,0.0005325579990454873,0.2985538179481033,0.7009079337934025
19.16,0.7386302228022855,0.6981317007977318,-0.16099185708564745,2.281575150494098,-1.749784106842906,17.60567289269318,-9.6883972453343,8.095427936815888,-0.7764003538047124,-1.0290518091824032,1.4440171148596468,0.00274537579750019,0.0039086447680039575,0.0,0.2,0.2,0.2,0.2,0.2
19.26,0.7357886167166796,0.6981317007977318,-0.15545457782995978,2.1819921226223715,-1.6726377758970767,16.44496484837383,-9.479083089716744,7.786198000800617,-0.9079617114710073,-0.9187955468985266,1.483156821185533,0.002656397291962997,0.004306851740251303,0.0,0.2,0.2,0.2,0.2,0.2
19.365000000000002,0.7335932854454597,0.6981317007977318,-0.12732969134312247,1.4628592154481324,-1.415779740156157,12.294181120807032,-8.288102537596478,6.720371232321645,-0.9504615062954509,-0.7265256063871184,1.137778824482207,0.0022741005436945753,0.004467724792737911,0.0,0.2,0.2,0.2,0.2,0.2
19.47,0.7324763738585482,0.6981317007977318,-0.09625463154304117,0.43225179516507767,-1.0062591910757477,6.924732933669483,-6.252354621781491,4.99766334372369,-0.8905014995565261,-0.49391051546967013,0.6369745176148006,0.0017205333081225947,0.004426876711539073,0.0,4.5323380842526296e-06,4.5323380842526296e-06,4.5323380842526296e-06,0.40538380655219997,0.5946025964335473
19.57,0.7324884227038266,0.6981317007977318,-0.09668031511448714,0.7242080462538225,-0.5145705691565348,4.143814553026553,-3.6838133534058244,2.7808102039205975,-0.735778350797738,-0.3287781421911233,0.4462409392995391,0.0013361735728105082,0.004340255043868981,0.0,0.0005234466616781603,0.0003291748674339479,0.0023884962554126072,0.19709949150832426,0.7996593907071511
19.67,0.7338695259926563,0.6981317007977318,-0.10644695205239048,0.6904057188675244,0.0274878052956863,1.0370223013580784,-0.7720664133268547,0.2965176147172278,-0.5053282784940288,-0.04547159057972425,0.3391168435388867,0.0018932536547863615,0.004843301379704317,0.0,0.2,0.2,0.2,0.2,0.2
19.775000000000002,0.7366116448829474,0.6981317007977318,-0.07989812865965364,-0.7888623543126358,0.5927913604292643,-6.0438462993201085,2.4784078825655733,-2.3437329676574854,-0.21299179818512473,0.3762808022830612,-0.26826452504721887,0.00313883754987598,0.006129821834619869,0.0,0.8278420554929098,0.12527436238745623,0.034499774265079074,0.006191903927277476,0.006191903927277476
19.88,0.7399027797832436,0.6981317007977318,-0.04637562335307761,-1.749945816178375,1.0941746485874766,-12.402405166900522,5.324779161032904,-4.609012633276006,0.09516296868028751,0.635129302143246,-1.0027071308709583,0.004121744759800687,0.007418889908598884,0.0,0.2,0.2,0.2,0.2,0.2
19.98,0.7434060500686508,0.6981317007977318,-0.06948049989452512,-1.0414861891458849,1.4626628823944694,-12.736298921837665,7.41057356530251,-6.331416636732951,0.3832523297692877,0.7129397043849871,-0.9888215952204771,0.004869699407239253,0.008594943756009143,0.0,0.0009168905438324273,0.0003861844524124102,0.0005233982190804122,0.1273513633801496,0.8708221634045251
20.080000000000002,0.7473116440920111,0.6981317007977318,-0.08066455333775852,-1.077505949627929,1.6879754823011475,-14.251927828839458,8.869110662777562,-7.4962987114231625,0.6321610340203783,0.8986162114764951,-1.0376342810483927,0.00559445468419735,0.00985551801287559,0.0,0.2,0.2,0.2,0.2,0.2
20.185,0.7509315504849025,0.6981317007977318,-0.058900732734289064,-2.19812848030384,1.746546774749476,-17.09520928630586,9.420988731046469,-7.841972355320558,0.8170376089638034,0.9797757642847088,-1.4618157291642062,0.005815531313265085,0.010555179647043045,0.0,0.004788143951714043,0.004788143951714043,0.004788143951714043,0.8948026239840375,0.09083294416082038
20.285,0.7533932278523707,0.6981317007977318,-0.07176671833985773,-2.1100226078532147,1.627108850304443,-14.772155559932038,8.877755387963328,-7.306778676798753,0.9096246612580696,0.8030908483723267,-1.3750218914389774,0.005443399418742209,0.010458565933223467,0.0,0.2,0.2,0.2,0.2,0.2
20.385,0.7553420783632304,0.6981317007977318,-0.1091249505644001,-0.8066927597263731,1.3483981748576304,-10.314724641703162,7.718931622811386,-6.299993145130237,0.9246463630819101,0.6840181694946601,-0.8549046602043797,0.005041642244050246,0.010215277138129001,0.0,0.2,0.2,0.2,0.2,0.2
20.490000000000002,0.7562119003795842,0.6981317007977318,-0.1121337582014149,-0.6989194327228676,0.9143724882529057,-7.64770437578496,5.65963009079965,-4.514390709155912,0.8375523521589953,0.5333724491463783,-0.67762448737685,0.0042407285065330655,0.009388008586531634,0.0,0.2,0.2,0.2,0.2,0.2
20.595,0.755674738725687,0.6981317007977318,-0.10396833842219251,-1.0287653236530843,0.381750672443964,-4.695599227245419,2.912814683441282,-2.1515603932890652,0.6567195354080816,0.2796349417840604,-0.5831367949656081,0.0030832257885448867,0.008001038234994809,0.0,2.136577696274835e-05,2.136577696274835e-05,2.136577696274835e-05,0.43052975655164266,0.5694061461174692
20.695,0.7537452458540285,0.6981317007977318,-0.12808573069737156,0.24632102604484904,-0.16468954830739452,2.045992357506451,-0.16584487851384155,0.4463973591440168,0.4149489323385587,-0.13037171528023567,-0.0492486994678496,0.0017415717127147422,0.006253155234953497,0.0,0.0001783434142040335,4.583755318816182e-05,0.008299995631649187,0.22180554587789222,0.7696702775230664
20.795,0.7511456044951204,0.6981317007977318,-0.16392169245197907,1.3813130045555058,-0.6950088086108694,8.969518846032933,-3.1217741253269287,2.8750284560134367,0.1348092395559784,-0.42956680771132216,0.6866345864594439,0.000986457634056241,0.004801226776285563,0.0,0.2,0.2,0.2,0.2,0.2
20.900000000000002,0.7478176677949973,0.6981317007977318,-0.16411184264344864,1.5880158500777317,-1.1777718986421049,12.249870816535763,-5.82024822320394,5.075654069044457,-0.17554501603308617,-0.6067728127487124,0.999257824325267,0.0013155735250013848,0.0037898335596286276,0.0,0.2,0.2,0.2,0.2,0.2
21.005,0.7438949224665615,0.6981317007977318,-0.14079961396196075,0.746656594681389,-1.5335366900767555,13.094720869686885,-8.069710203196998,6.913849637722629,-0.48008572291575324,-0.7639127698621782,0.9711711035840133,0.0020666646284462926,0.003503079777164868,0.0,0.7543420304746139,0.19346447035945988,0.05218648142485945,3.508870533445746e-06,3.508870533445746e-06
21.105,0.7399092459626027,0.6981317007977318,-0.13725543855748784,1.4135725393052143,-1.7190026887752046,15.168795439794252,-9.495679118856975,8.013555271498706,-0.726076288087607,-0.9682209851517908,1.1036696083621425,0.0026668771069182045,0.0037798522331221967,0.0,2.825694467588658e-06,2.825694467588658e-06,0.0001498088844094017,0.32659929577156493,0.6732452439550904
21.205000000000002,0.736477479129752,0.6981317007977318,-0.15741507604195748,2.225258177873839,-1.7362007273003353,17.501141008295455,-9.913056778010239,8.19145908998239,-0.895948954627219,-1.0313302870575716,1.486719790688419,0.0028325334794439667,0.004220341825006124,0.0,0.2,0.2,0.2,0.2,0.2
21.31,0.7337700168755871,0.6981317007977318,-0.15542189914459303,2.321828955844986,-1.5715482575810835,16.204355849989895,-9.220617291382267,7.4732248941828185,-0.9792322333720639,-0.911870932271531,1.5167426981289576,0.0025735509877991922,0.004476488569705338,0.0,0.2,0.2,0.2,0.2,0.2
21.41,0.7321842546007387,0.6981317007977318,-0.1255572918078745,1.5327302732116712,-1.2567210210855837,11.218432671476359,-7.658218356942946,6.126980070779803,-0.9674641443002168,-0.6545131665982057,1.108940357289357,0.0020728461604050674,0.004523826609640683,0.0,0.2,0.2,0.2,0.2,0.2
21.51,0.7315364135511354,0.6981317007977318,-0.08865234585149204,0.20219119580685183,-0.8188771749559993,5.333196870761258,-5.367883521822269,4.227403048795481,-0.8645586855983984,-0.43090174483610444,0.4915883227752683,0.0015279710045654094,0.00440084655556368,0.0,0.2,0.2,0.2,0.2,0.2
21.615000000000002,0.732115229366071,0.6981317007977318,-0.09108609899277702,0.48561601690430867,-0.2737603138204011,2.0656844611216627,-2.5046993913675197,1.7809205342483383,-0.6638164133297214,-0.20654549242923237,0.291937487860749,0.0014436720912310084,0.004473666258508685,0.0,2.9531919828543868e-05,2.3188741340662475e-05,0.00018456556607859216,0.22898357812462242,0.7707791356481297
21.72,0.7340130139293752,0.6981317007977318,-0.09502553308501772,0.24483902881882974,0.3008759254889557,-1.6615706775488892,0.5994908582079341,-0.8288142267373761,-0.3940075821071367,0.07944633732494392,0.07031147512480596,0.0022958593804673845,0.005204510630726111,0.0,0.8067591062034298,0.16396732590209412,0.009757855964825368,0.009757855964825368,0.009757855964825368
21.82,0.7370665365047449,0.6981317007977318,-0.07660403149265713,-0.9957699250496251,0.8188771749559962,-7.813365626453271,3.673118047138221,-3.3265581672131033,-0.09591048100363289,0.4794914391196538,-0.42692093742940407,0.003567199366720744,0.006634413644951469,0.0,0.7725005594707032,0.15186136499215605,0.07532972528775247,0.00015417512469411692,0.00015417512469411692
21.92,0.7403366390317775,0.6981317007977318,-0.045699031340531555,-1.847845814292265,1.2567210210855813,-13.374147383004837,6.110942698169066,-5.243588112591298,0.1947136692485367,0.6812498600599768,-1.1121150559379387,0.004398094357205874,0.007830257004173629,0.0,0.2,0.2,0.2,0.2,0.2
22.025000000000002,0.7441094542341515,0.6981317007977318,-0.06779401085968088,-1.1985587270278266,1.5834473418155366,-13.7043643637591,8.008282191829752,-6.7927369715809425,0.4825213360351728,0.7613263228763638,-1.103138529278909,0.005110535271547422,0.009036080678336588,0.0,4.488516467492357e-06,4.488516467492357e-06,4.488516467492357e-06,0.3374733959582904,0.6625131384923071
22.13,0.7480463876714697,0.6981317007977318,-0.08699635605094719,-1.0679129315747944,1.739431672046563,-13.943883755392601,9.160102130386163,-7.702049531605831,0.7186905225728273,0.8801709691997355,-1.0393354063655742,0.005671754793011422,0.010133870173134782,0.0,0.2,0.2,0.2,0.2,0.2
22.23,0.7513217507191886,0.6981317007977318,-0.06250379710215305,-2.162928761472564,1.7136399185880913,-16.66842573111325,9.333169428427826,-7.734374988863965,0.8627816699155026,0.9582493219943259,-1.4472477766758598,0.005769867823039338,0.010652983364969714,0.0,0.0026794574573861425,0.0026794574573861425,0.0026794574573861425,0.8284026101729323,0.16355901745490922
22.330000000000002,0.753426659952644,0.6981317007977318,-0.0766959135416974,-1.9886316787791547,1.5201051502668326,-13.752260202979176,8.414246073453798,-6.886876042239642,0.9189359145435938,0.7476854252757471,-1.307865737312734,0.005246557683024139,0.010342422916668826,0.0,0.2,0.2,0.2,0.2,0.2
22.435,0.7548563389700763,0.6981317007977318,-0.11374649357174182,-0.64877930305969,1.157295764316403,-8.434728565506992,6.756206596356204,-5.458068629449674,0.8896152339903196,0.5490393295114846,-0.7555155889273315,0.004582185073289836,0.009747164719165704,0.0,0.2,0.2,0.2,0.2,0.2
22.535,0.7552341484952886,0.6981317007977318,-0.12498857845227804,-0.18961498381486397,0.6950088086108727,-5.03837471661725,4.552445788654916,-3.574218357840604,0.7700111284078294,0.4107777811520932,-0.43463184618236683,0.003784715247824794,0.008852269663675263,0.0,0.2,0.2,0.2,0.2,0.2
22.635,0.7541875783269557,0.6981317007977318,-0.10692545142188983,-0.8989912021628969,0.16468954830739796,-2.755299487008246,1.7304195164920364,-1.1445376453976874,0.5648199815967299,0.14281663631740266,-0.4592962618434886,0.002578274183562329,0.0073610713791905855,0.0,0.08909805417051105,0.08909805417051105,0.08909805417051105,0.3831120728530766,0.3495937646353904
22.740000000000002,0.7518226262177373,0.6981317007977318,-0.12620848021767864,0.19039564524521188,-0.4085293867478409,3.5239672721350814,-1.5083829683475063,1.5726533013445332,0.2893595113443138,-0.2345047658782795,0.04854763384935423,0.0013202973228433122,0.005603061496481163,0.0,6.925070003263415e-06,6.925070003263415e-06,6.925070003263415e-06,0.3231527689965093,0.676826455793481
22.845,0.7485427784379223,0.6981317007977318,-0.15181779031227782,1.1266114597901924,-0.9376968912132325,10.069999229770344,-4.609117295152885,4.11602786306381,-0.021142462609140794,-0.5803866664537458,0.6682577820629985,0.0009780356668626364,0.0040907783140239524,0.0,0.6433706195677155,0.3561442212711372,0.0003736115897151932,5.5773785716068986e-05,5.5773785716068986e-05
22.945,0.7451824853823145,0.6981317007977318,-0.1722163314521783,1.9848101468792048,-1.3483981748576284,14.515445448197966,-6.908028100697019,5.937927587249398,-0.30957359805781226,-0.742976177200829,1.2117641108104151,0.0016404841062231336,0.003485962169079906,0.0,0.2,0.2,0.2,0.2,0.2
23.045,0.7415010053280924,0.6981317007977318,-0.14268899089609277,0.9336859778412868,-1.6271088503044417,14.028157032272595,-8.646184975003171,7.346659880920617,-0.5803205269985806,-0.8168604695671973,1.0804152453791582,0.002286506281162268,0.0035845409067124124,0.0,0.8173341454609356,0.17970576877688163,0.002938719215107676,1.0683273537524241e-05,1.0683273537524241e-05
23.150000000000002,0.7375452154824433,0.6981317007977318,-0.12909425117944545,0.8594479163544981,-1.7480572811834476,14.517760655633356,-9.691624256774363,8.13405364546751,-0.8085993233215323,-0.9442119213421628,1.0665397847601221,0.002741851191373896,0.0040181245519240755,0.0,0.000181608362076847,0.000181608362076847,0.000181608362076847,0.24208214568633138,0.757373029227438
23.255,0.7341799047570798,0.6981317007977318,-0.13428193518336834,1.7910404317508375,-1.6805139499346535,15.169661638206703,-9.683631711893204,7.980399382907667,-0.9486234518602233,-0.9720417722560903,1.2230637731839331,0.002772868189877637,0.0043899990420039735,0.0,0.0706878080645344,0.3658024453311557,0.5612386035397554,0.0003213463624179279,0.001949796702136554
23.355,0.7319366013529116,0.6981317007977318,-0.1474273826381191,2.119039638629464,-1.4473910049804841,14.909588946999595,-8.665568073661833,6.96924174171318,-0.9844498279254292,-0.8723039907912683,1.3952351803818017,0.0023907429853769484,0.004469984115891137,0.0,0.2,0.2,0.2,0.2,0.2
23.455000000000002,0.730904787996554,0.6981317007977318,-0.12563883081103439,1.4353268009623554,-1.0725873438927078,10.002272404338466,-6.712781810678847,5.294366508316807,-0.9274484704979695,-0.5741145883402554,1.0490830267746785,0.0018075604047281038,0.004450794102116394,0.0,0.2,0.2,0.2,0.2,0.2
23.56,0.7309975449849332,0.6981317007977318,-0.09031950062013643,-0.06868061635107225,-0.5668554818467736,3.3195983466528958,-3.8993152282973913,2.9654785797184813,-0.7693045167015884,-0.24949753414420905,0.42274624778578485,0.0014527794844838185,0.004472907592272172,0.0,4.053329478636583e-05,3.563835479747772e-05,0.0002575788754773706,0.36781452295222644,0.6318517265227124
23.66,0.7320384332142735,0.6981317007977318,-0.07253785632620888,-0.6329623630641779,-0.02748780529568972,-1.515231290670732,-1.069150277614927,0.6257525230633123,-0.5502917898015178,-0.035207511513751316,-0.06266432269105304,0.001774752977606836,0.004752302194593656,0.0,0.2,0.2,0.2,0.2,0.2
23.76,0.734260436515085,0.6981317007977318,-0.09109341896178924,0.035781235456645466,0.5145705691565315,-3.6427898027692045,1.8789627502858077,-1.8792402440007554,-0.2717013509065994,0.2020250486194481,-0.09868029642084952,0.0027428424235980808,0.0056640835325998656,0.0,0.8010384586447483,0.1769500370597529,0.01832681053791687,0.0018423468787909958,0.0018423468787909958
23.865000000000002,0.737704764259708,0.6981317007977318,-0.08536073336808321,-0.326181342670274,1.0286241915118313,-8.49757100211859,4.85381149561884,-4.30580584226941,0.04470695012623849,0.5572115256024254,-0.45030027697046604,0.004006923047984387,0.00722056730038699,0.0,0.2,0.2,0.2,0.2,0.2
23.97,0.7415180107545167,0.6981317007977318,-0.05193510835780927,-1.8609714047203294,1.4317620054937816,-14.583848189063191,7.210146592232407,-6.136560775329051,0.34359693000892005,0.8137448532366738,-1.1578590950423004,0.004921281538279116,0.008623025225036824,0.0,0.01710967653308759,0.01710967653308759,0.01710967653308759,0.9315612938676497,0.01710967653308759
24.07,0.7449765916252391,0.6981317007977318,-0.056808068514607846,-2.0780193977064796,1.6726377758970776,-15.46621996739815,8.561283001745627,-7.191108550623205,0.5887641107250505,0.8249822869211054,-1.338029451347339,0.005332749965872175,0.009503453864411078,0.0,0.2,0.2,0.2,0.2,0.2
24.17,0.7485591665483677,0.6981317007977318,-0.0906645288910598,-1.0589585362370308,1.749784106842906,-13.813339820660971,9.302781756459334,-7.7842975960625695,0.7868521062967854,0.8811207651800459,-1.045370550996563,0.005722814624572113,0.010369411539603407,0.0,0.2,0.2,0.2,0.2,0.2
24.275000000000002,0.7516921776823835,0.6981317007977318,-0.0757753081258525,-2.128404835784193,1.6465413456698923,-15.237522460454331,9.082155707073866,-7.496003820708209,0.9017027699846603,0.9160192251777812,-1.2975233392621701,0.005676714201149624,0.010702577699746366,0.0,0.00021556468978592823,0.0004298158498810347,0.0015985365116336432,0.10092588025364177,0.8968302026950575
24.38,0.7535500746384424,0.6981317007977318,-0.07453067793508925,-1.9577481694009573,1.3657532128420855,-13.392401912362127,7.737328475850891,-6.282425116558714,0.9136775414247916,0.7396486938103978,-1.294989423853793,0.005032543594587767,0.010216066166201765,0.0,0.2,0.2,0.2,0.2,0.2
24.48,0.7542083106298693,0.6981317007977318,-0.11059543666502258,-0.5455581538425917,0.9607899314967394,-7.299129088825104,5.736716141834893,-4.566898750616985,0.8401653131813693,0.4439749501502511,-0.7380611344949246,0.004129635514230772,0.00926698386079574,0.0,0.6792547044369354,0.2250238513548116,0.0957181506408683,1.6467836923571823e-06,1.6467836923571823e-06
24.580000000000002,0.7540627856159186,0.6981317007977318,-0.1385499236440327,0.16596499086109012,0.46177783743939776,-2.059110762281806,3.3527552284918674,-2.5555313780813087,0.6901298730525234,0.24576426457814793,-0.18552125580094936,0.0032481778203776626,0.00820054344061867,0.0,0.2,0.2,0.2,0.2,0.2
24.685000000000002,0.7525855515688102,0.6981317007977318,-0.12984207664989222,-0.3781321420155329,-0.10988340917630784,0.9362064180492098,0.33503940297328083,0.005064484942128078,0.44809910489307875,0.016628253863818873,-0.03344698913472555,0.0021075928258890105,0.006695973910535698,0.0,0.7738501168669696,0.2246663098049722,0.0004945244426860125,0.0004945244426860125,0.0004945244426860125
24.79,0.749792984666553,0.6981317007977318,-0.12274997760794604,-0.08718178828576378,-0.6696960066388971,4.733055976226778,-2.9000835220764567,2.7305045864033533,0.14749891150818317,-0.30399611473369836,0.15353220026176229,0.0010823796724092419,0.005015311750023199,0.0,0.00012816308746956353,0.00012816308746956353,0.00012816308746956353,0.39333867047987564,0.6062768402577157
24.89,0.7462742029870898,0.6981317007977318,-0.15102695949532013,1.1897909971481109,-1.1365340845778154,11.40704344692727,-5.703775818603609,5.0055493260918045,-0.15191109964674093,-0.6699652843952667,0.7786436342493752,0.001254239000444155,0.0037021129446762847,0.0,0.6294316464959591,0.3657232939142071,0.004833755430279704,5.652079777046877e-06,5.652079777046877e-06
24.990000000000002,0.7426423435055299,0.6981317007977318,-0.17348054445388975,2.172300206888275,-1.4921202876196653,15.990296118237724,-7.856531937310866,6.686207050905663,-0.435439260545315,-0.8551073130076946,1.3295733957640632,0.0019760473996123756,0.003371863482911079,0.0,0.2,0.2,0.2,0.2,0.2
