t,angle,setpoint,sp_goal,dq,a_hat,tau_dyn,tau_cmd,tau_load,tau_f_exp,bias_u,pos_err,rot_err,risk_act,risk_err,risk,J_est,D_est,Fx,Fy,Fz,Mx,My,Mz,b0,b1,b2,b3,b4
0.005,0.0,0.0,0.0,0.0,0.0,0.0,0.0,0.0,0.0,0.0,0.0,0.0,0.0,0.0,0.0,4.0771949691654035,0.8,0.0,0.0,0.0,0.0,0.0,0.0,0.0,0.0,0.0,0.0,0.0
0.11,0.0,0.0,0.0,0.0,0.0,0.0,0.0,0.0,0.0,0.0,0.0,0.0,0.0,0.0,0.0,4.0771949691654035,0.8,0.0,0.0,0.0,0.0,0.0,0.0,0.0,0.0,0.0,0.0,0.0
0.215,0.0,0.0,0.0,0.0,0.0,0.0,0.0,0.0,0.0,0.0,0.0,0.0,0.0,0.0,0.0,4.0771949691654035,0.8,0.0,0.0,0.0,0.0,0.0,0.0,0.0,0.0,0.0,0.0,0.0
0.315,0.0,0.0,0.0,0.0,0.0,0.0,0.0,0.0,0.0,0.0,0.0,0.0,0.0,0.0,0.0,4.0771949691654035,0.8,0.0,0.0,0.0,0.0,0.0,0.0,0.0,0.0,0.0,0.0,0.0
0.41500000000000004,0.0,0.0,0.0,0.0,0.0,0.0,0.0,0.0,0.0,0.0,0.0,0.0,0.0,0.0,0.0,4.0771949691654035,0.8,0.0,0.0,0.0,0.0,0.0,0.0,0.0,0.0,0.0,0.0,0.0
0.52,0.0,0.0,0.0,0.0,0.0,0.0,0.0,0.0,0.0,0.0,0.0,0.0,0.0,0.0,0.0,4.0771949691654035,0.8,0.0,0.0,0.0,0.0,0.0,0.0,0.0,0.0,0.0,0.0,0.0
0.625,0.0,0.0,0.0,0.0,0.0,0.0,0.0,0.0,0.0,0.0,0.0,0.0,0.0,0.0,0.0,4.0771949691654035,0.8,0.0,0.0,0.0,0.0,0.0,0.0,0.0,0.0,0.0,0.0,0.0
0.73,0.0,0.0,0.0,0.0,0.0,0.0,0.0,0.0,0.0,0.0,0.0,0.0,0.0,0.0,0.0,4.0771949691654035,0.8,0.0,0.0,0.0,0.0,0.0,0.0,0.0,0.0,0.0,0.0,0.0
0.8300000000000001,0.0,0.0,0.0,0.0,0.0,0.0,0.0,0.0,0.0,0.0,0.0,0.0,0.0,0.0,0.0,4.0771949691654035,0.8,0.0,0.0,0.0,0.0,0.0,0.0,0.0,0.0,0.0,0.0,0.0
0.935,0.0,0.0,0.0,0.0,0.0,0.0,0.0,0.0,0.0,0.0,0.0,0.0,0.0,0.0,0.0,4.0771949691654035,0.8,0.0,0.0,0.0,0.0,0.0,0.0,0.0,0.0,0.0,0.0,0.0
1.04,0.0,0.0,0.0,0.0,0.0,0.0,0.0,0.0,0.0,0.0,0.0,0.0,0.0,0.0,0.0,4.0771949691654035,0.8,0.0,0.0,0.0,0.0,0.0,0.0,0.0,0.0,0.0,0.0,0.0
1.1400000000000001,0.0,0.0,0.0,0.0,0.0,0.0,0.0,0.0,0.0,0.0,0.0,0.0,0.0,0.0,0.0,4.0771949691654035,0.8,0.0,0.0,0.0,0.0,0.0,0.0,0.0,0.0,0.0,0.0,0.0
1.245,0.0,0.0,0.0,0.0,0.0,0.0,0.0,0.0,0.0,0.0,0.0,0.0,0.0,0.0,0.0,4.0771949691654035,0.8,0.0,0.0,0.0,0.0,0.0,0.0,0.0,0.0,0.0,0.0,0.0
1.35,0.0,0.0,0.0,0.0,0.0,0.0,0.0,0.0,0.0,0.0,0.0,0.0,0.0,0.0,0.0,4.0771949691654035,0.8,0.0,0.0,0.0,0.0,0.0,0.0,0.0,0.0,0.0,0.0,0.0
1.455,0.0,0.0,0.0,0.0,0.0,0.0,0.0,0.0,0.0,0.0,0.0,0.0,0.0,0.0,0.0,4.0771949691654035,0.8,0.0,0.0,0.0,0.0,0.0,0.0,0.0,0.0,0.0,0.0,0.0
1.56,0.0,0.0,0.0,0.0,0.0,0.0,0.0,0.0,0.0,0.0,0.0,0.0,0.0,0.0,0.0,4.0771949691654035,0.8,0.0,0.0,0.0,0.0,0.0,0.0,0.0,0.0,0.0,0.0,0.0
1.6600000000000001,0.0,0.0,0.0,0.0,0.0,0.0,0.0,0.0,0.0,0.0,0.0,0.0,0.0,0.0,0.0,4.0771949691654035,0.8,0.0,0.0,0.0,0.0,0.0,0.0,0.0,0.0,0.0,0.0,0.0
1.7650000000000001,0.0,0.0,0.0,0.0,0.0,0.0,0.0,0.0,0.0,0.0,0.0,0.0,0.0,0.0,0.0,4.0771949691654035,0.8,0.0,0.0,0.0,0.0,0.0,0.0,0.0,0.0,0.0,0.0,0.0
1.87,0.0,0.0,0.0,0.0,0.0,0.0,0.0,0.0,0.0,0.0,0.0,0.0,0.0,0.0,0.0,4.0771949691654035,0.8,0.0,0.0,0.0,0.0,0.0,0.0,0.0,0.0,0.0,0.0,0.0
1.975,0.0,0.0,0.0,0.0,0.0,0.0,0.0,0.0,0.0,0.0,0.0,0.0,0.0,0.0,0.0,4.0771949691654035,0.8,0.0,0.0,0.0,0.0,0.0,0.0,0.0,0.0,0.0,0.0,0.0
2.075,0.0,0.0,0.0,0.0,0.0,0.0,0.0,0.0,0.0,0.0,0.0,0.0,0.0,0.0,0.0,4.0771949691654035,0.8,0.0,0.0,0.0,0.0,0.0,0.0,0.0,0.0,0.0,0.0,0.0
2.1750000000000003,0.0,0.0,0.0,0.0,0.0,0.0,0.0,0.0,0.0,0.0,0.0,0.0,0.0,0.0,0.0,4.0771949691654035,0.8,0.0,0.0,0.0,0.0,0.0,0.0,0.0,0.0,0.0,0.0,0.0
2.2800000000000002,0.0,0.0,0.0,0.0,0.0,0.0,0.0,0.0,0.0,0.0,0.0,0.0,0.0,0.0,0.0,4.0771949691654035,0.8,0.0,0.0,0.0,0.0,0.0,0.0,0.0,0.0,0.0,0.0,0.0
2.3850000000000002,0.0,0.0,0.0,0.0,0.0,0.0,0.0,0.0,0.0,0.0,0.0,0.0,0.0,0.0,0.0,4.0771949691654035,0.8,0.0,0.0,0.0,0.0,0.0,0.0,0.0,0.0,0.0,0.0,0.0
2.49,0.0,0.0,0.0,0.0,0.0,0.0,0.0,0.0,0.0,0.0,0.0,0.0,0.0,0.0,0.0,4.0771949691654035,0.8,0.0,0.0,0.0,0.0,0.0,0.0,0.0,0.0,0.0,0.0,0.0
2.595,0.0,0.0,0.0,0.0,0.0,0.0,0.0,0.0,0.0,0.0,0.0,0.0,0.0,0.0,0.0,4.0771949691654035,0.8,0.0,0.0,0.0,0.0,0.0,0.0,0.0,0.0,0.0,0.0,0.0
2.7,0.0,0.0,0.0,0.0,0.0,0.0,0.0,0.0,0.0,0.0,0.0,0.0,0.0,0.0,0.0,4.0771949691654035,0.8,0.0,0.0,0.0,0.0,0.0,0.0,0.0,0.0,0.0,0.0,0.0
2.8000000000000003,0.0,0.0,0.0,0.0,0.0,0.0,0.0,0.0,0.0,0.0,0.0,0.0,0.0,0.0,0.0,4.0771949691654035,0.8,0.0,0.0,0.0,0.0,0.0,0.0,0.0,0.0,0.0,0.0,0.0
2.9050000000000002,0.0,0.0,0.0,0.0,0.0,0.0,0.0,0.0,0.0,0.0,0.0,0.0,0.0,0.0,0.0,4.0771949691654035,0.8,0.0,0.0,0.0,0.0,0.0,0.0,0.0,0.0,0.0,0.0,0.0
3.0100000000000002,0.0,0.0,0.0,0.0,0.0,0.0,0.0,0.0,0.0,0.0,0.0,0.0,0.0,0.0,0.0,4.0771949691654035,0.8,0.0,0.0,0.0,0.0,0.0,0.0,0.0,0.0,0.0,0.0,0.0
3.115,0.0,0.0,0.0,0.0,0.0,0.0,0.0,0.0,0.0,0.0,0.0,0.0,0.0,0.0,0.0,4.0771949691654035,0.8,0.0,0.0,0.0,0.0,0.0,0.0,0.0,0.0,0.0,0.0,0.0
3.22,0.0,0.0,0.0,0.0,0.0,0.0,0.0,0.0,0.0,0.0,0.0,0.0,0.0,0.0,0.0,4.0771949691654035,0.8,0.0,0.0,0.0,0.0,0.0,0.0,0.0,0.0,0.0,0.0,0.0
3.3200000000000003,0.0,0.0,0.0,0.0,0.0,0.0,0.0,0.0,0.0,0.0,0.0,0.0,0.0,0.0,0.0,4.0771949691654035,0.8,0.0,0.0,0.0,0.0,0.0,0.0,0.0,0.0,0.0,0.0,0.0
3.4250000000000003,0.0,0.0,0.0,0.0,0.0,0.0,0.0,0.0,0.0,0.0,0.0,0.0,0.0,0.0,0.0,4.0771949691654035,0.8,0.0,0.0,0.0,0.0,0.0,0.0,0.0,0.0,0.0,0.0,0.0
3.5300000000000002,0.0,0.0,0.0,0.0,0.0,0.0,0.0,0.0,0.0,0.0,0.0,0.0,0.0,0.0,0.0,4.0771949691654035,0.8,0.0,0.0,0.0,0.0,0.0,0.0,0.0,0.0,0.0,0.0,0.0
3.6350000000000002,0.0,0.0,0.0,0.0,0.0,0.0,0.0,0.0,0.0,0.0,0.0,0.0,0.0,0.0,0.0,4.0771949691654035,0.8,0.0,0.0,0.0,0.0,0.0,0.0,0.0,0.0,0.0,0.0,0.0
3.74,0.0,0.0,0.0,0.0,0.0,0.0,0.0,0.0,0.0,0.0,0.0,0.0,0.0,0.0,0.0,4.0771949691654035,0.8,0.0,0.0,0.0,0.0,0.0,0.0,0.0,0.0,0.0,0.0,0.0
3.845,0.0,0.0,0.0,0.0,0.0,0.0,0.0,0.0,0.0,0.0,0.0,0.0,0.0,0.0,0.0,4.0771949691654035,0.8,0.0,0.0,0.0,0.0,0.0,0.0,0.0,0.0,0.0,0.0,0.0
3.9450000000000003,0.0,0.0,0.0,0.0,0.0,0.0,0.0,0.0,0.0,0.0,0.0,0.0,0.0,0.0,0.0,4.0771949691654035,0.8,0.0,0.0,0.0,0.0,0.0,0.0,0.0,0.0,0.0,0.0,0.0
4.05,0.0,0.0,0.0,0.0,0.0,0.0,0.0,0.0,0.0,0.0,0.0,0.0,0.0,0.0,0.0,4.0771949691654035,0.8,0.0,0.0,0.0,0.0,0.0,0.0,0.0,0.0,0.0,0.0,0.0
4.15,0.0,0.0,0.0,0.0,0.0,0.0,0.0,0.0,0.0,0.0,0.0,0.0,0.0,0.0,0.0,4.0771949691654035,0.8,0.0,0.0,0.0,0.0,0.0,0.0,0.0,0.0,0.0,0.0,0.0
4.255,0.0,0.0,0.0,0.0,0.0,0.0,0.0,0.0,0.0,0.0,0.0,0.0,0.0,0.0,0.0,4.0771949691654035,0.8,0.0,0.0,0.0,0.0,0.0,0.0,0.0,0.0,0.0,0.0,0.0
4.355,0.0,0.0,0.0,0.0,0.0,0.0,0.0,0.0,0.0,0.0,0.0,0.0,0.0,0.0,0.0,4.0771949691654035,0.8,0.0,0.0,0.0,0.0,0.0,0.0,0.0,0.0,0.0,0.0,0.0
4.46,0.0,0.0,0.0,0.0,0.0,0.0,0.0,0.0,0.0,0.0,0.0,0.0,0.0,0.0,0.0,4.0771949691654035,0.8,0.0,0.0,0.0,0.0,0.0,0.0,0.0,0.0,0.0,0.0,0.0
4.5600000000000005,0.0,0.0,0.0,0.0,0.0,0.0,0.0,0.0,0.0,0.0,0.0,0.0,0.0,0.0,0.0,4.0771949691654035,0.8,0.0,0.0,0.0,0.0,0.0,0.0,0.0,0.0,0.0,0.0,0.0
4.665,0.0,0.0,0.0,0.0,0.0,0.0,0.0,0.0,0.0,0.0,0.0,0.0,0.0,0.0,0.0,4.0771949691654035,0.8,0.0,0.0,0.0,0.0,0.0,0.0,0.0,0.0,0.0,0.0,0.0
4.7700000000000005,0.0,0.0,0.0,0.0,0.0,0.0,0.0,0.0,0.0,0.0,0.0,0.0,0.0,0.0,0.0,4.0771949691654035,0.8,0.0,0.0,0.0,0.0,0.0,0.0,0.0,0.0,0.0,0.0,0.0
4.875,0.0,0.0,0.0,0.0,0.0,0.0,0.0,0.0,0.0,0.0,0.0,0.0,0.0,0.0,0.0,4.0771949691654035,0.8,0.0,0.0,0.0,0.0,0.0,0.0,0.0,0.0,0.0,0.0,0.0
4.9750000000000005,0.0,0.0,0.0,0.0,0.0,0.0,0.0,0.0,0.0,0.0,0.0,0.0,0.0,0.0,0.0,4.0771949691654035,0.8,0.0,0.0,0.0,0.0,0.0,0.0,0.0,0.0,0.0,0.0,0.0
5.08,0.0,0.0,0.0,0.0,0.0,0.0,0.0,0.0,0.0,0.0,0.0,0.0,0.0,0.0,0.0,4.0771949691654035,0.8,0.0,0.0,0.0,0.0,0.0,0.0,0.0,0.0,0.0,0.0,0.0
5.1850000000000005,0.0,0.0,0.0,0.0,0.0,0.0,0.0,0.0,0.0,0.0,0.0,0.0,0.0,0.0,0.0,4.0771949691654035,0.8,0.0,0.0,0.0,0.0,0.0,0.0,0.0,0.0,0.0,0.0,0.0
5.29,0.0,0.0,0.0,0.0,0.0,0.0,0.0,0.0,0.0,0.0,0.0,0.0,0.0,0.0,0.0,4.0771949691654035,0.8,0.0,0.0,0.0,0.0,0.0,0.0,0.0,0.0,0.0,0.0,0.0
5.3950000000000005,0.0,0.0,0.0,0.0,0.0,0.0,0.0,0.0,0.0,0.0,0.0,0.0,0.0,0.0,0.0,4.0771949691654035,0.8,0.0,0.0,0.0,0.0,0.0,0.0,0.0,0.0,0.0,0.0,0.0
5.5,0.0,0.0,0.0,0.0,0.0,0.0,0.0,0.0,0.0,0.0,0.0,0.0,0.0,0.0,0.0,4.0771949691654035,0.8,0.0,0.0,0.0,0.0,0.0,0.0,0.0,0.0,0.0,0.0,0.0
5.6000000000000005,0.0,0.0,0.0,0.0,0.0,0.0,0.0,0.0,0.0,0.0,0.0,0.0,0.0,0.0,0.0,4.0771949691654035,0.8,0.0,0.0,0.0,0.0,0.0,0.0,0.0,0.0,0.0,0.0,0.0
5.705,0.0,0.0,0.0,0.0,0.0,0.0,0.0,0.0,0.0,0.0,0.0,0.0,0.0,0.0,0.0,4.0771949691654035,0.8,0.0,0.0,0.0,0.0,0.0,0.0,0.0,0.0,0.0,0.0,0.0
5.8100000000000005,0.0,0.0,0.0,0.0,0.0,0.0,0.0,0.0,0.0,0.0,0.0,0.0,0.0,0.0,0.0,4.0771949691654035,0.8,0.0,0.0,0.0,0.0,0.0,0.0,0.0,0.0,0.0,0.0,0.0
5.915,0.0,0.0,0.0,0.0,0.0,0.0,0.0,0.0,0.0,0.0,0.0,0.0,0.0,0.0,0.0,4.0771949691654035,0.8,0.0,0.0,0.0,0.0,0.0,0.0,0.0,0.0,0.0,0.0,0.0
6.015000000000001,0.0,0.0,0.0,0.0,0.0,0.0,0.0,0.0,0.0,0.0,0.0,0.0,0.0,0.0,0.0,4.0771949691654035,0.8,0.0,0.0,0.0,0.0,0.0,0.0,0.0,0.0,0.0,0.0,0.0
6.12,0.0,0.0,0.0,0.0,0.0,0.0,0.0,0.0,0.0,0.0,0.0,0.0,0.0,0.0,0.0,4.0771949691654035,0.8,0.0,0.0,0.0,0.0,0.0,0.0,0.0,0.0,0.0,0.0,0.0
6.2250000000000005,0.0,0.0,0.0,0.0,0.0,0.0,0.0,0.0,0.0,0.0,0.0,0.0,0.0,0.0,0.0,4.0771949691654035,0.8,0.0,0.0,0.0,0.0,0.0,0.0,0.0,0.0,0.0,0.0,0.0
6.33,0.0,0.0,0.0,0.0,0.0,0.0,0.0,0.0,0.0,0.0,0.0,0.0,0.0,0.0,0.0,4.0771949691654035,0.8,0.0,0.0,0.0,0.0,0.0,0.0,0.0,0.0,0.0,0.0,0.0
6.4350000000000005,0.0,0.0,0.0,0.0,0.0,0.0,0.0,0.0,0.0,0.0,0.0,0.0,0.0,0.0,0.0,4.0771949691654035,0.8,0.0,0.0,0.0,0.0,0.0,0.0,0.0,0.0,0.0,0.0,0.0
6.54,0.0,0.0,0.0,0.0,0.0,0.0,0.0,0.0,0.0,0.0,0.0,0.0,0.0,0.0,0.0,4.0771949691654035,0.8,0.0,0.0,0.0,0.0,0.0,0.0,0.0,0.0,0.0,0.0,0.0
6.640000000000001,0.0,0.0,0.0,0.0,0.0,0.0,0.0,0.0,0.0,0.0,0.0,0.0,0.0,0.0,0.0,4.0771949691654035,0.8,0.0,0.0,0.0,0.0,0.0,0.0,0.0,0.0,0.0,0.0,0.0
6.745,0.0,0.0,0.0,0.0,0.0,0.0,0.0,0.0,0.0,0.0,0.0,0.0,0.0,0.0,0.0,4.0771949691654035,0.8,0.0,0.0,0.0,0.0,0.0,0.0,0.0,0.0,0.0,0.0,0.0
6.8500000000000005,0.0,0.0,0.0,0.0,0.0,0.0,0.0,0.0,0.0,0.0,0.0,0.0,0.0,0.0,0.0,4.0771949691654035,0.8,0.0,0.0,0.0,0.0,0.0,0.0,0.0,0.0,0.0,0.0,0.0
6.955,0.0,0.0,0.0,0.0,0.0,0.0,0.0,0.0,0.0,0.0,0.0,0.0,0.0,0.0,0.0,4.0771949691654035,0.8,0.0,0.0,0.0,0.0,0.0,0.0,0.0,0.0,0.0,0.0,0.0
7.0600000000000005,0.0,0.0,0.0,0.0,0.0,0.0,0.0,0.0,0.0,0.0,0.0,0.0,0.0,0.0,0.0,4.0771949691654035,0.8,0.0,0.0,0.0,0.0,0.0,0.0,0.0,0.0,0.0,0.0,0.0
7.165,0.0,0.0,0.0,0.0,0.0,0.0,0.0,0.0,0.0,0.0,0.0,0.0,0.0,0.0,0.0,4.0771949691654035,0.8,0.0,0.0,0.0,0.0,0.0,0.0,0.0,0.0,0.0,0.0,0.0
7.265000000000001,0.0,0.0,0.0,0.0,0.0,0.0,0.0,0.0,0.0,0.0,0.0,0.0,0.0,0.0,0.0,4.0771949691654035,0.8,0.0,0.0,0.0,0.0,0.0,0.0,0.0,0.0,0.0,0.0,0.0
7.37,0.0,0.0,0.0,0.0,0.0,0.0,0.0,0.0,0.0,0.0,0.0,0.0,0.0,0.0,0.0,4.0771949691654035,0.8,0.0,0.0,0.0,0.0,0.0,0.0,0.0,0.0,0.0,0.0,0.0
7.4750000000000005,0.0,0.0,0.0,0.0,0.0,0.0,0.0,0.0,0.0,0.0,0.0,0.0,0.0,0.0,0.0,4.0771949691654035,0.8,0.0,0.0,0.0,0.0,0.0,0.0,0.0,0.0,0.0,0.0,0.0
7.58,0.0,0.0,0.0,0.0,0.0,0.0,0.0,0.0,0.0,0.0,0.0,0.0,0.0,0.0,0.0,4.0771949691654035,0.8,0.0,0.0,0.0,0.0,0.0,0.0,0.0,0.0,0.0,0.0,0.0
7.6850000000000005,0.0,0.0,0.0,0.0,0.0,0.0,0.0,0.0,0.0,0.0,0.0,0.0,0.0,0.0,0.0,4.0771949691654035,0.8,0.0,0.0,0.0,0.0,0.0,0.0,0.0,0.0,0.0,0.0,0.0
7.79,0.0,0.0,0.0,0.0,0.0,0.0,0.0,0.0,0.0,0.0,0.0,0.0,0.0,0.0,0.0,4.0771949691654035,0.8,0.0,0.0,0.0,0.0,0.0,0.0,0.0,0.0,0.0,0.0,0.0
7.890000000000001,0.0,0.0,0.0,0.0,0.0,0.0,0.0,0.0,0.0,0.0,0.0,0.0,0.0,0.0,0.0,4.0771949691654035,0.8,0.0,0.0,0.0,0.0,0.0,0.0,0.0,0.0,0.0,0.0,0.0
7.995,0.0,0.0,0.0,0.0,0.0,0.0,0.0,0.0,0.0,0.0,0.0,0.0,0.0,0.0,0.0,4.0771949691654035,0.8,0.0,0.0,0.0,0.0,0.0,0.0,0.0,0.0,0.0,0.0,0.0
8.095,0.0,0.0,0.0,0.0,0.0,0.0,0.0,0.0,0.0,0.0,0.0,0.0,0.0,0.0,0.0,4.0771949691654035,0.8,0.0,0.0,0.0,0.0,0.0,0.0,0.0,0.0,0.0,0.0,0.0
8.2,0.0,0.0,0.0,0.0,0.0,0.0,0.0,0.0,0.0,0.0,0.0,0.0,0.0,0.0,0.0,4.0771949691654035,0.8,0.0,0.0,0.0,0.0,0.0,0.0,0.0,0.0,0.0,0.0,0.0
8.3,0.0,0.0,0.0,0.0,0.0,0.0,0.0,0.0,0.0,0.0,0.0,0.0,0.0,0.0,0.0,4.0771949691654035,0.8,0.0,0.0,0.0,0.0,0.0,0.0,0.0,0.0,0.0,0.0,0.0
8.405,0.0,0.0,0.0,0.0,0.0,0.0,0.0,0.0,0.0,0.0,0.0,0.0,0.0,0.0,0.0,4.0771949691654035,0.8,0.0,0.0,0.0,0.0,0.0,0.0,0.0,0.0,0.0,0.0,0.0
8.505,0.0,0.0,0.0,0.0,0.0,0.0,0.0,0.0,0.0,0.0,0.0,0.0,0.0,0.0,0.0,4.0771949691654035,0.8,0.0,0.0,0.0,0.0,0.0,0.0,0.0,0.0,0.0,0.0,0.0
8.61,0.0,0.0,0.0,0.0,0.0,0.0,0.0,0.0,0.0,0.0,0.0,0.0,0.0,0.0,0.0,4.0771949691654035,0.8,0.0,0.0,0.0,0.0,0.0,0.0,0.0,0.0,0.0,0.0,0.0
8.71,0.0,0.0,0.0,0.0,0.0,0.0,0.0,0.0,0.0,0.0,0.0,0.0,0.0,0.0,0.0,4.0771949691654035,0.8,0.0,0.0,0.0,0.0,0.0,0.0,0.0,0.0,0.0,0.0,0.0
8.815,0.0,0.0,0.0,0.0,0.0,0.0,0.0,0.0,0.0,0.0,0.0,0.0,0.0,0.0,0.0,4.0771949691654035,0.8,0.0,0.0,0.0,0.0,0.0,0.0,0.0,0.0,0.0,0.0,0.0
8.915000000000001,0.0,0.0,0.0,0.0,0.0,0.0,0.0,0.0,0.0,0.0,0.0,0.0,0.0,0.0,0.0,4.0771949691654035,0.8,0.0,0.0,0.0,0.0,0.0,0.0,0.0,0.0,0.0,0.0,0.0
9.02,0.0,0.0,0.0,0.0,0.0,0.0,0.0,0.0,0.0,0.0,0.0,0.0,0.0,0.0,0.0,4.0771949691654035,0.8,0.0,0.0,0.0,0.0,0.0,0.0,0.0,0.0,0.0,0.0,0.0
9.120000000000001,0.0,0.0,0.0,0.0,0.0,0.0,0.0,0.0,0.0,0.0,0.0,0.0,0.0,0.0,0.0,4.0771949691654035,0.8,0.0,0.0,0.0,0.0,0.0,0.0,0.0,0.0,0.0,0.0,0.0
9.225,0.0,0.0,0.0,0.0,0.0,0.0,0.0,0.0,0.0,0.0,0.0,0.0,0.0,0.0,0.0,4.0771949691654035,0.8,0.0,0.0,0.0,0.0,0.0,0.0,0.0,0.0,0.0,0.0,0.0
9.325000000000001,0.0,0.0,0.0,0.0,0.0,0.0,0.0,0.0,0.0,0.0,0.0,0.0,0.0,0.0,0.0,4.0771949691654035,0.8,0.0,0.0,0.0,0.0,0.0,0.0,0.0,0.0,0.0,0.0,0.0
9.43,0.0,0.0,0.0,0.0,0.0,0.0,0.0,0.0,0.0,0.0,0.0,0.0,0.0,0.0,0.0,4.0771949691654035,0.8,0.0,0.0,0.0,0.0,0.0,0.0,0.0,0.0,0.0,0.0,0.0
9.535,0.0,0.0,0.0,0.0,0.0,0.0,0.0,0.0,0.0,0.0,0.0,0.0,0.0,0.0,0.0,4.0771949691654035,0.8,0.0,0.0,0.0,0.0,0.0,0.0,0.0,0.0,0.0,0.0,0.0
9.64,0.0,0.0,0.0,0.0,0.0,0.0,0.0,0.0,0.0,0.0,0.0,0.0,0.0,0.0,0.0,4.0771949691654035,0.8,0.0,0.0,0.0,0.0,0.0,0.0,0.0,0.0,0.0,0.0,0.0
9.745000000000001,0.0,0.0,0.0,0.0,0.0,0.0,0.0,0.0,0.0,0.0,0.0,0.0,0.0,0.0,0.0,4.0771949691654035,0.8,0.0,0.0,0.0,0.0,0.0,0.0,0.0,0.0,0.0,0.0,0.0
9.85,0.0,0.0,0.0,0.0,0.0,0.0,0.0,0.0,0.0,0.0,0.0,0.0,0.0,0.0,0.0,4.0771949691654035,0.8,0.0,0.0,0.0,0.0,0.0,0.0,0.0,0.0,0.0,0.0,0.0
9.950000000000001,0.0,0.0,0.0,0.0,0.0,0.0,0.0,0.0,0.0,0.0,0.0,0.0,0.0,0.0,0.0,4.0771949691654035,0.8,0.0,0.0,0.0,0.0,0.0,0.0,0.0,0.0,0.0,0.0,0.0
10.055,0.0,0.0,0.0,0.0,0.0,0.0,0.0,0.0,0.0,0.0,0.0,0.0,0.0,0.0,0.0,4.0771949691654035,0.8,0.0,0.0,0.0,0.0,0.0,0.0,0.0,0.0,0.0,0.0,0.0
10.16,0.0,0.0,0.0,0.0,0.0,0.0,0.0,0.0,0.0,0.0,0.0,0.0,0.0,0.0,0.0,4.0771949691654035,0.8,0.0,0.0,0.0,0.0,0.0,0.0,0.0,0.0,0.0,0.0,0.0
10.265,0.0,0.0,0.0,0.0,0.0,0.0,0.0,0.0,0.0,0.0,0.0,0.0,0.0,0.0,0.0,4.0771949691654035,0.8,0.0,0.0,0.0,0.0,0.0,0.0,0.0,0.0,0.0,0.0,0.0
10.370000000000001,0.0,0.0,0.0,0.0,0.0,0.0,0.0,0.0,0.0,0.0,0.0,0.0,0.0,0.0,0.0,4.0771949691654035,0.8,0.0,0.0,0.0,0.0,0.0,0.0,0.0,0.0,0.0,0.0,0.0
10.475,0.0,0.0,0.0,0.0,0.0,0.0,0.0,0.0,0.0,0.0,0.0,0.0,0.0,0.0,0.0,4.0771949691654035,0.8,0.0,0.0,0.0,0.0,0.0,0.0,0.0,0.0,0.0,0.0,0.0
10.575000000000001,0.0,0.0,0.0,0.0,0.0,0.0,0.0,0.0,0.0,0.0,0.0,0.0,0.0,0.0,0.0,4.0771949691654035,0.8,0.0,0.0,0.0,0.0,0.0,0.0,0.0,0.0,0.0,0.0,0.0
10.68,0.0,0.0,0.0,0.0,0.0,0.0,0.0,0.0,0.0,0.0,0.0,0.0,0.0,0.0,0.0,4.0771949691654035,0.8,0.0,0.0,0.0,0.0,0.0,0.0,0.0,0.0,0.0,0.0,0.0
10.785,0.0,0.0,0.0,0.0,0.0,0.0,0.0,0.0,0.0,0.0,0.0,0.0,0.0,0.0,0.0,4.0771949691654035,0.8,0.0,0.0,0.0,0.0,0.0,0.0,0.0,0.0,0.0,0.0,0.0
10.89,0.0,0.0,0.0,0.0,0.0,0.0,0.0,0.0,0.0,0.0,0.0,0.0,0.0,0.0,0.0,4.0771949691654035,0.8,0.0,0.0,0.0,0.0,0.0,0.0,0.0,0.0,0.0,0.0,0.0
10.995000000000001,0.0,0.0,0.0,0.0,0.0,0.0,0.0,0.0,0.0,0.0,0.0,0.0,0.0,0.0,0.0,4.0771949691654035,0.8,0.0,0.0,0.0,0.0,0.0,0.0,0.0,0.0,0.0,0.0,0.0
11.1,0.0,0.0,0.0,0.0,0.0,0.0,0.0,0.0,0.0,0.0,0.0,0.0,0.0,0.0,0.0,4.0771949691654035,0.8,0.0,0.0,0.0,0.0,0.0,0.0,0.0,0.0,0.0,0.0,0.0
11.200000000000001,0.0,0.0,0.0,0.0,0.0,0.0,0.0,0.0,0.0,0.0,0.0,0.0,0.0,0.0,0.0,4.0771949691654035,0.8,0.0,0.0,0.0,0.0,0.0,0.0,0.0,0.0,0.0,0.0,0.0
11.305,0.0,0.0,0.0,0.0,0.0,0.0,0.0,0.0,0.0,0.0,0.0,0.0,0.0,0.0,0.0,4.0771949691654035,0.8,0.0,0.0,0.0,0.0,0.0,0.0,0.0,0.0,0.0,0.0,0.0
11.41,0.0,0.0,0.0,0.0,0.0,0.0,0.0,0.0,0.0,0.0,0.0,0.0,0.0,0.0,0.0,4.0771949691654035,0.8,0.0,0.0,0.0,0.0,0.0,0.0,0.0,0.0,0.0,0.0,0.0
11.515,0.0,0.0,0.0,0.0,0.0,0.0,0.0,0.0,0.0,0.0,0.0,0.0,0.0,0.0,0.0,4.0771949691654035,0.8,0.0,0.0,0.0,0.0,0.0,0.0,0.0,0.0,0.0,0.0,0.0
11.620000000000001,0.0,0.0,0.0,0.0,0.0,0.0,0.0,0.0,0.0,0.0,0.0,0.0,0.0,0.0,0.0,4.0771949691654035,0.8,0.0,0.0,0.0,0.0,0.0,0.0,0.0,0.0,0.0,0.0,0.0
11.725,0.0,0.0,0.0,0.0,0.0,0.0,0.0,0.0,0.0,0.0,0.0,0.0,0.0,0.0,0.0,4.0771949691654035,0.8,0.0,0.0,0.0,0.0,0.0,0.0,0.0,0.0,0.0,0.0,0.0
11.825000000000001,0.0,0.0,0.0,0.0,0.0,0.0,0.0,0.0,0.0,0.0,0.0,0.0,0.0,0.0,0.0,4.0771949691654035,0.8,0.0,0.0,0.0,0.0,0.0,0.0,0.0,0.0,0.0,0.0,0.0
11.93,0.0,0.0,0.0,0.0,0.0,0.0,0.0,0.0,0.0,0.0,0.0,0.0,0.0,0.0,0.0,4.0771949691654035,0.8,0.0,0.0,0.0,0.0,0.0,0.0,0.0,0.0,0.0,0.0,0.0
12.030000000000001,0.0,0.0,0.0,0.0,0.0,0.0,0.0,0.0,0.0,0.0,0.0,0.0,0.0,0.0,0.0,4.0771949691654035,0.8,0.0,0.0,0.0,0.0,0.0,0.0,0.0,0.0,0.0,0.0,0.0
12.135,0.0,0.0,0.0,0.0,0.0,0.0,0.0,0.0,0.0,0.0,0.0,0.0,0.0,0.0,0.0,4.0771949691654035,0.8,0.0,0.0,0.0,0.0,0.0,0.0,0.0,0.0,0.0,0.0,0.0
12.24,0.0,0.0,0.0,0.0,0.0,0.0,0.0,0.0,0.0,0.0,0.0,0.0,0.0,0.0,0.0,4.0771949691654035,0.8,0.0,0.0,0.0,0.0,0.0,0.0,0.0,0.0,0.0,0.0,0.0
12.345,0.0,0.0,0.0,0.0,0.0,0.0,0.0,0.0,0.0,0.0,0.0,0.0,0.0,0.0,0.0,4.0771949691654035,0.8,0.0,0.0,0.0,0.0,0.0,0.0,0.0,0.0,0.0,0.0,0.0
12.450000000000001,0.0,0.0,0.0,0.0,0.0,0.0,0.0,0.0,0.0,0.0,0.0,0.0,0.0,0.0,0.0,4.0771949691654035,0.8,0.0,0.0,0.0,0.0,0.0,0.0,0.0,0.0,0.0,0.0,0.0
12.555,0.0,0.0,0.0,0.0,0.0,0.0,0.0,0.0,0.0,0.0,0.0,0.0,0.0,0.0,0.0,4.0771949691654035,0.8,0.0,0.0,0.0,0.0,0.0,0.0,0.0,0.0,0.0,0.0,0.0
12.655000000000001,0.0,0.0,0.0,0.0,0.0,0.0,0.0,0.0,0.0,0.0,0.0,0.0,0.0,0.0,0.0,4.0771949691654035,0.8,0.0,0.0,0.0,0.0,0.0,0.0,0.0,0.0,0.0,0.0,0.0
12.76,0.0,0.0,0.0,0.0,0.0,0.0,0.0,0.0,0.0,0.0,0.0,0.0,0.0,0.0,0.0,4.0771949691654035,0.8,0.0,0.0,0.0,0.0,0.0,0.0,0.0,0.0,0.0,0.0,0.0
12.865,0.0,0.0,0.0,0.0,0.0,0.0,0.0,0.0,0.0,0.0,0.0,0.0,0.0,0.0,0.0,4.0771949691654035,0.8,0.0,0.0,0.0,0.0,0.0,0.0,0.0,0.0,0.0,0.0,0.0
12.97,0.0,0.0,0.0,0.0,0.0,0.0,0.0,0.0,0.0,0.0,0.0,0.0,0.0,0.0,0.0,4.0771949691654035,0.8,0.0,0.0,0.0,0.0,0.0,0.0,0.0,0.0,0.0,0.0,0.0
13.075000000000001,0.0,0.0,0.0,0.0,0.0,0.0,0.0,0.0,0.0,0.0,0.0,0.0,0.0,0.0,0.0,4.0771949691654035,0.8,0.0,0.0,0.0,0.0,0.0,0.0,0.0,0.0,0.0,0.0,0.0
13.18,0.0,0.0,0.0,0.0,0.0,0.0,0.0,0.0,0.0,0.0,0.0,0.0,0.0,0.0,0.0,4.0771949691654035,0.8,0.0,0.0,0.0,0.0,0.0,0.0,0.0,0.0,0.0,0.0,0.0
13.280000000000001,0.0,0.0,0.0,0.0,0.0,0.0,0.0,0.0,0.0,0.0,0.0,0.0,0.0,0.0,0.0,4.0771949691654035,0.8,0.0,0.0,0.0,0.0,0.0,0.0,0.0,0.0,0.0,0.0,0.0
13.385,0.0,0.0,0.0,0.0,0.0,0.0,0.0,0.0,0.0,0.0,0.0,0.0,0.0,0.0,0.0,4.0771949691654035,0.8,0.0,0.0,0.0,0.0,0.0,0.0,0.0,0.0,0.0,0.0,0.0
13.49,0.0,0.0,0.0,0.0,0.0,0.0,0.0,0.0,0.0,0.0,0.0,0.0,0.0,0.0,0.0,4.0771949691654035,0.8,0.0,0.0,0.0,0.0,0.0,0.0,0.0,0.0,0.0,0.0,0.0
13.595,0.0,0.0,0.0,0.0,0.0,0.0,0.0,0.0,0.0,0.0,0.0,0.0,0.0,0.0,0.0,4.0771949691654035,0.8,0.0,0.0,0.0,0.0,0.0,0.0,0.0,0.0,0.0,0.0,0.0
13.700000000000001,-0.03351642385874603,0.007330382858376184,0.6981317007977318,-2.0329629416740373,-38.818585982330575,-159.89731383061212,2.652195804592404,0.19203504440933,0.0,0.001325285507825529,0.02006629315840359,0.026232468028874474,0.0,0.0,0.0,4.0771949691654035,0.8,170.48072793755307,-184.3115474456959,16.278516666347826,-7.942273924138458,-9.948210905606617,31.759099597267966,0.0,0.0,0.0,0.0,0.0
13.805,-0.10599205551954383,0.02932153143350475,0.6981317007977318,0.6729270513491452,31.510228697829895,129.01168756512268,0.9148550369401847,0.745113760238871,0.0,0.025206708519524296,0.030702408009522113,0.11256226180437783,0.0,1.0,1.0,4.0771949691654035,0.8,-22.90520904909996,-57.69420560682437,31.41286531950351,-6.438039440085635,-21.96263171676187,11.723411861680805,0.0,0.0,0.0,0.0,0.0
13.905000000000001,0.0016107507771977226,0.05026548245743666,0.6981317007977318,1.1282593537134884,-2.1747855805315472,-7.964417344985894,-0.3886853784099244,1.1979574353752058,0.0,0.04358714826185571,0.04329877708235031,0.0499631703538713,0.0,0.0,0.0,4.0771949691654035,0.8,-175.7771581790157,165.30562380948322,-71.4321019828774,-0.3787636011079023,8.6047568103418,-22.131926478713837,0.0,0.0,0.0,0.0,0.0
14.01,0.1085043749195549,0.07225663103256522,0.6981317007977318,1.1225955002603223,1.6740230898505164,7.723394920413508,-1.231108479276858,1.5465898526552107,0.0,0.044524949614040646,0.06213246837286935,0.127964923315793,0.0,0.0,0.0,4.0771949691654035,0.8,-186.4325572291048,238.84987659241906,-68.03515626726006,6.354904796660737,25.589844431099703,-41.68539918737321,0.0,0.0,0.0,0.0,0.0
14.115,0.22397957633140053,0.09424777960769386,0.6981317007977318,1.117592083869183,-1.352382407818465,-4.619853082449894,-2.1788597603936672,1.7284545960414903,0.0,0.026610780473261958,0.07124007585221727,0.21029610804074433,0.0,1.0,1.0,4.0771949691654035,0.8,-206.18403737444902,264.9057455130411,-56.291719037923556,18.202237506642604,37.57325432480768,-55.87890173452658,0.0,0.0,0.0,0.0,0.0
14.22,0.3213220171436662,0.1162389281828225,0.6981317007977318,0.7612559511446801,-3.982217720818624,-15.62727329652727,-2.6121228803491077,1.7239413207708547,0.0,-0.009475549835310904,0.0644978538551797,0.24859595641623156,0.0,1.0,1.0,4.0771949691654035,0.8,-165.56335170292581,227.50541379682215,-49.69742494548209,26.585200103372724,36.98850674856908,-56.15898439032126,0.0,0.0,0.0,0.0,0.0
14.325000000000001,0.37839063926667965,0.13823007675795096,0.6981317007977318,0.2207581598127456,-5.455472638301381,-22.066419067451704,-2.4701601137707048,1.533536690076761,0.0,-0.05723583910998968,0.04494139700599823,0.23511874922449771,0.0,1.0,1.0,4.0771949691654035,0.8,-82.17288654776019,155.1205317854147,-31.93685118676295,29.62581507178077,27.17276296913078,-45.63347921629608,0.0,0.0,0.0,0.0,0.0
14.43,0.3863126908447069,0.1602212253330793,0.6981317007977318,-0.3198343244203218,-4.732992093932371,-19.553199014016947,-1.8385896240994752,1.1777718986421084,0.0,-0.10694880364283918,0.020669507458566525,0.186573115436107,0.0,1.0,1.0,4.0771949691654035,0.8,11.695583892022295,68.7676088954922,1.2312573109466438,27.45686519624688,14.476391709363295,-29.18480817673907,0.0,0.0,0.0,0.0,0.0
14.530000000000001,0.3576626697157172,0.18116517635701107,0.6981317007977318,-0.6401948511872323,-2.577513894732647,-11.021182565507658,-1.062738852386229,0.7201501275589396,0.0,-0.14739828022571755,0.01148874279639447,0.12990474462199514,0.0,1.0,1.0,4.0771949691654035,0.8,75.57271068592092,-5.0466727231558295,36.13526569576039,22.088821768246547,3.8543042235639593,-13.463463041016752,0.0,0.0,0.0,0.0,0.0
14.635,0.30882745228777536,0.20315632493213942,0.6981317007977318,-0.7623670841357673,-0.7097567773212516,-3.5037104291338705,-0.26175829658441957,0.1646895483074063,0.0,-0.17685361740314515,0.021793336294373397,0.07948277707638937,0.0,1.0,1.0,4.0771949691654035,0.8,104.14244182718943,-57.38702709244211,57.83006328850529,14.810423611519393,-4.178521228330247,-0.08711280980349478,0.0,0.0,0.0,0.0,0.0
14.74,0.2556158676240041,0.22514747350726777,0.6981317007977318,-0.7555450718030277,0.3027440221117177,0.6299103464563729,0.4695404613669327,-0.40852938674783046,0.0,-0.19076017950804905,0.02656819176509889,0.054051970348846096,0.0,0.0,0.0,4.0771949691654035,0.8,103.83224723738363,-83.71504987855724,59.24670423505052,7.217115388082577,-9.492528227529007,9.392015364930336,0.0,0.0,0.0,0.0,0.0
14.845,0.2064997154173046,0.24713862208239612,0.6981317007977318,-0.6737632732794367,0.9481574614432564,3.3268122131495357,1.1003806290638087,-0.9376968912132424,0.0,-0.18921122110586072,0.02551057191583451,0.058238391617694785,0.0,0.0,0.0,4.0771949691654035,0.8,86.7624836842205,-91.10222454902237,47.24203097257484,0.28163837669683733,-12.781649974978595,15.086332190124953,0.0,0.0,0.0,0.0,0.0
14.950000000000001,0.16709422230813603,0.26912977065752447,0.6981317007977318,-0.5360192892846715,1.4393566998348957,5.4397224639736175,1.5921013098809849,-1.365753212842077,0.0,-0.17371297313688844,0.02092602254317153,0.07017425574999406,0.0,1.0,1.0,4.0771949691654035,0.8,61.025916448024624,-84.40703944303024,29.199823431145948,-5.253676797595178,-14.138587731652962,17.17721748610496,0.0,0.0,0.0,0.0,0.0
15.055,0.141547674713601,0.2911209192326528,0.6981317007977318,-0.35870742710482956,1.7705638185140626,6.931967951747959,1.917093087772159,-1.6465413456698923,0.0,-0.14678629476250624,0.01449043303664757,0.07490011592477927,0.0,1.0,1.0,4.0771949691654035,0.8,32.13036009998072,-66.2230659993026,10.31135359362174,-8.86964182590982,-13.387393049249152,15.910971036216631,0.0,0.0,0.0,0.0,0.0
15.155000000000001,0.13263842262940878,0.3120648702565846,0.6981317007977318,-0.16627774152128455,1.9738765519427375,7.914857354117454,2.0565101322951156,-1.7491364806400302,0.0,-0.11347159573724462,0.007965630132146033,0.0689719591391785,0.0,1.0,1.0,4.0771949691654035,0.8,3.887991512976983,-39.658645751384405,-5.315438693356928,-10.22790470006088,-10.584742700290931,11.870512878712105,0.0,0.0,0.0,0.0,0.0
15.26,0.14124274584951682,0.33405601883171293,0.6981317007977318,0.053113873433194014,2.130919408105957,8.730664989173084,2.0104727983093995,-1.6726377758970796,0.0,-0.07398556831868507,0.006735358333992055,0.05227906361279481,0.0,1.0,1.0,4.0771949691654035,0.8,-27.058838986688404,-3.2277410235013138,-18.125076069151525,-9.31040813861945,-5.47637626733507,4.982065250408879,0.0,0.0,0.0,0.0,0.0
15.365,0.16957233228034785,0.3560471674068413,0.6981317007977318,0.28542705314199107,2.236868677303727,9.34849136030002,1.7549224288048484,-1.415779740156161,0.0,-0.033838379557412486,0.015500995669408529,0.03408597867611492,0.0,1.0,1.0,4.0771949691654035,0.8,-61.00249122332316,39.93106489246176,-28.155253242377476,-6.036230700644257,1.4679323154124564,-4.163624899766163,0.0,0.0,0.0,0.0,0.0
15.47,0.21836418345760703,0.37803831598196963,0.6981317007977318,0.5211568456927576,2.2293927854357687,9.506594525626568,1.287755187710744,-1.0062591910757392,0.0,0.0027311979205580754,0.026922000106463024,0.047978005980426376,0.0,1.0,1.0,4.0771949691654035,0.8,-98.73399514508077,85.76287262337854,-37.45906904234448,-0.7484415793591319,9.28356428125608,-14.807720635247682,0.0,0.0,0.0,0.0,0.0
15.575000000000001,0.2870232247341054,0.400029464557098,0.6981317007977318,0.7402071044122318,1.9943570739127214,8.723548312006168,0.6307542816731544,-0.48823443556865037,0.0,0.03145947761614299,0.03885570839718101,0.08817561004084523,0.0,1.0,1.0,4.0771949691654035,0.8,-138.75523340755626,128.09601272737785,-48.32461833638309,5.786505666514161,16.405808427107583,-25.758538321071544,0.0,0.0,0.0,0.0,0.0
15.68,0.3725089353523848,0.42202061313222633,0.6981317007977318,0.9082464247744039,1.3927753237976683,6.405213683185092,-0.1552348866232049,0.08243628874186755,0.0,0.0484552501134658,0.04969179725280197,0.130302399214999,0.0,0.0,0.0,4.0771949691654035,0.8,-176.69482941401495,160.19735043794648,-62.303631031649296,12.369683784230798,21.077471871264123,-35.43597631224883,0.0,0.0,0.0,0.0,0.0
15.780000000000001,0.46356017713307374,0.4429645641561581,0.6981317007977318,0.979370238865045,0.4085925887352364,2.4494078383216107,-0.9248016244036485,0.6185809766137006,0.0,0.05108523399123536,0.05751145698751435,0.1619508560754605,0.0,0.0,0.0,4.0771949691654035,0.8,-204.74473130094577,177.02374628402143,-78.00139295774916,17.470142123676013,22.203474534521074,-41.930651464745274,0.0,0.0,0.0,0.0,0.0
15.885,0.5594261491105285,0.46495571273128644,0.6981317007977318,0.9244283895510619,-0.9095513817992558,-2.9688756064285173,-1.6211555958242116,1.1154919820602014,0.0,0.03853764727995273,0.061837808515864796,0.18006287158676623,0.0,1.0,1.0,4.0771949691654035,0.8,-218.959452458151,179.68702284308276,-93.30451142722593,20.745697947855472,20.070098178638986,-44.67512095309333,0.0,0.0,0.0,0.0,0.0
15.985000000000001,0.6402841706051801,0.4858996637552182,0.6981317007977318,0.7490116060721903,-2.031333334161314,-7.682932765882742,-2.0703166340842856,1.4775738696285265,0.0,0.013100530248205833,0.061559594742944666,0.18122875117475173,0.0,1.0,1.0,4.0771949691654035,0.8,-214.15136879346645,170.10571910200918,-101.25956862368615,21.789862726402827,16.124817584169406,-43.13801894097205,0.0,0.0,0.0,0.0,0.0
16.09,0.7051708416239219,0.5078908123303469,0.6981317007977318,0.4855630039445447,-2.6137687172878183,-10.268394261532167,-2.273371439231274,1.7016473606959326,0.0,-0.02444765259030892,0.056541613335759584,0.16797151595662524,0.0,1.0,1.0,4.0771949691654035,0.8,-190.37912043510622,149.88035940010107,-98.19952649393281,21.12918836143645,11.559652371968301,-37.98940545980069,0.0,0.0,0.0,0.0,0.0
16.19,0.7445751127562048,0.5288347633542798,0.6981317007977318,0.22556607332541062,-2.538207598749322,-10.168314393657806,-2.2397341856412702,1.7446053340329737,0.0,-0.06620412853593839,0.04786029418549778,0.14608848380906417,0.0,1.0,1.0,4.0771949691654035,0.8,-153.85011185610045,123.02951800886088,-84.41766879278349,19.302238860545714,7.731219565666016,-31.09499626819536,0.0,0.0,0.0,0.0,0.0
16.295,0.7639189612982766,0.5508259119294093,0.6981317007977318,-0.013397190986420282,-2.1628435234985286,-8.829052485889312,-2.0196776993762113,1.6060705949469651,0.0,-0.11158390691328691,0.03580128572251075,0.11822936500327912,0.0,1.0,1.0,4.0771949691654035,0.8,-105.40178599906919,89.68799847886287,-62.00756346892102,16.530312584462685,4.410189076849653,-23.07123953565981,0.0,0.0,0.0,0.0,0.0
16.4,0.7639914882749029,0.5728170605045388,0.6981317007977318,-0.2160469189720788,-1.8527085524453657,-7.7266915245376255,-1.6404904089749284,1.2943544162125755,0.0,-0.15423256048269518,0.021749383967645784,0.08868532086064941,0.0,1.0,1.0,4.0771949691654035,0.8,-49.09065135280272,53.35182805697926,-34.83669111758056,13.157155862076927,1.4035101751941248,-14.97588000175928,0.0,0.0,0.0,0.0,0.0
16.5,0.7485914084963686,0.5937610115284717,0.6981317007977318,-0.38436932655350264,-1.6143747241565858,-6.88961596492182,-1.1433805112987119,0.8670526697567187,0.0,-0.18888537841257408,0.00731499935604642,0.06082109781144941,0.0,1.0,1.0,4.0771949691654035,0.8,9.647504883798643,16.35177735265707,-6.001142665476232,9.491930550496807,-1.58055126985078,-7.526957159994505,0.0,0.0,0.0,0.0,0.0
16.6,0.7203498149067423,0.6147049625524046,0.6981317007977318,-0.5209884678379368,-1.2507520364622642,-5.5163506850076764,-0.540897381068097,0.35487776687389394,0.0,-0.21487683560198523,0.00899124085216037,0.03598393042153165,0.0,1.0,1.0,4.0771949691654035,0.8,67.92428583359117,-22.228326926220095,24.114621830123806,5.447457338644621,-4.731196171797094,-0.6555638097429295,0.0,0.0,0.0,0.0,0.0
16.705000000000002,0.6806092168149342,0.6366961111275341,0.6981317007977318,-0.611416147821906,-0.6889683373909049,-3.2981911573819747,0.15131473409395138,-0.21933315873753673,0.0,-0.2304098670932819,0.023441268581555375,0.0243287226076956,0.0,0.0,0.0,4.0771949691654035,0.8,119.10912307767559,-60.378496500360534,53.070056585995474,1.0148254155630445,-7.821167929272697,5.507442784331801,0.0,0.0,0.0,0.0,0.0
16.81,0.6358493852164789,0.6586872597026636,0.6981317007977318,-0.6354376970816248,-0.038811345219530405,-0.6665915791409109,0.8409312250644537,-0.7698935472478399,0.0,-0.23232472711834648,0.03415714209193492,0.036036245752534286,0.0,0.0,0.0,4.0771949691654035,0.8,150.18194595986245,-89.37600683180206,73.56691102937218,-3.1677751315123124,-10.049837633987455,10.18121707274901,0.0,0.0,0.0,0.0,0.0
16.91,0.5941662867196532,0.6796312107265965,0.6981317007977318,-0.5910611166597346,0.6346059862268799,2.1145634411186967,1.4340319787271238,-1.2178473940365475,0.0,-0.22111788824137218,0.03864559916949095,0.049972704356509995,0.0,1.0,1.0,4.0771949691654035,0.8,154.81225433715292,-102.70744137851715,80.90254581839274,-6.43092049516806,-10.803889169569857,12.883924568325028,0.0,0.0,0.0,0.0,0.0
17.01,0.5593042797145419,0.6981317007977318,0.6981317007977318,-0.47682200841704425,1.2764515858843326,4.822884377617167,1.6670529761121278,-1.5465898526552146,0.0,-0.19804324313681548,0.03643495309649594,0.057572220059924996,0.0,1.0,1.0,4.0771949691654035,0.8,133.25473140431285,-98.63622935817683,74.56588029908264,-8.54509585513922,-9.829490411042949,13.503313232499353,0.0,0.0,0.0,0.0,0.0
17.115000000000002,0.5284003846863967,0.6981317007977318,0.6981317007977318,-0.4804556041184147,-0.0028759574046773317,-0.3960903223566162,2.012257447810437,-1.7284545960414917,0.0,-0.16551131742132844,0.03116579832006494,0.06040385863198441,0.0,1.0,1.0,4.0771949691654035,0.8,116.7231104598676,-88.19898603737992,60.30812648639289,-9.751478454907414,-8.67659957554707,14.683941636757122,0.0,0.0,0.0,0.0,0.0
17.22,0.502406534546538,0.6981317007977318,0.6981317007977318,-0.3337528954202138,1.9365940913083355,7.62886937006162,2.164231702719093,-1.7239413207708565,0.0,-0.12677285521305814,0.024979620584230446,0.05992508294946772,0.0,1.0,1.0,4.0771949691654035,0.8,81.73586212721607,-73.6414520580598,48.63029739610119,-10.183214976986836,-6.955105895417081,13.097242198095527,0.0,0.0,0.0,0.0,0.0
17.32,0.49609892180543863,0.6981317007977318,0.6981317007977318,-0.06710031275989753,2.822175295714544,11.452878667582306,2.000835100109977,-1.5465898526552153,0.0,-0.08659300257285167,0.013264431957205424,0.04908182191136288,0.0,1.0,1.0,4.0771949691654035,0.8,22.6491939574146,-40.495152901771164,26.228743183740555,-8.991309523715085,-2.778200674414419,8.364009056287422,0.0,0.0,0.0,0.0,0.0
17.42,0.5134666309781694,0.6981317007977318,0.6981317007977318,0.2226110633671533,2.8448513090756613,11.77710229608062,1.5764300324768683,-1.2178473940365484,0.0,-0.04760960235160256,0.0073039989547782755,0.030930104338342188,0.0,1.0,1.0,4.0771949691654035,0.8,-43.713241870896326,5.436894751026488,-5.532488325346933,-6.137234363670251,2.5001489580962186,1.3071662254412133,0.0,0.0,0.0,0.0,0.0
17.525000000000002,0.5559487186541726,0.6981317007977318,0.6981317007977318,0.483580181187275,2.2928279116306935,9.735170571412501,0.9251407101367649,-0.7451137602388711,0.0,-0.013108930111551804,0.023329906820684535,0.02829270811451538,0.0,1.0,1.0,4.0771949691654035,0.8,-109.36722047519734,53.816033584520035,-38.657032701182445,-1.8900302392523205,7.540272762304313,-7.302178583188861,0.0,0.0,0.0,0.0,0.0
17.63,0.6174050784020196,0.6981317007977318,0.6981317007977318,0.6597874774353569,1.3984247217607346,6.229480222267682,0.15773006811786047,-0.19203504440933977,0.0,0.01025132159609586,0.03870038198157867,0.05339694129792827,0.0,1.0,1.0,4.0771949691654035,0.8,-164.45786255050632,93.47369741651173,-67.34482872358151,2.7894338668378396,11.068241088687678,-15.440232500092375,0.0,0.0,0.0,0.0,0.0
17.73,0.6855458909311161,0.6981317007977318,0.6981317007977318,0.7235858775881903,0.33495618899237667,1.9445503907210866,-0.5784049310145463,0.3548777668738925,0.0,0.019322847907486694,0.05004709613065878,0.07840615916805053,0.0,0.0,0.0,4.0771949691654035,0.8,-203.51397030170267,119.73174784589182,-89.60668237335763,6.866644723139897,12.68007432167332,-21.314815874668465,0.0,0.0,0.0,0.0,0.0
17.830000000000002,0.754003427297365,0.6981317007977318,0.6981317007977318,0.678569084962444,-0.7337219373495681,-2.448672123757998,-1.2227036746643067,0.8670526697567174,0.0,0.014582675294469603,0.057402181320454215,0.09605379243685266,0.0,0.0,0.0,4.0771949691654035,0.8,-226.8366130551986,134.16592908371356,-105.33531272848798,10.080709112693556,12.813349688840436,-24.483829439472114,0.0,0.0,0.0,0.0,0.0
17.935,0.8170736094602156,0.6981317007977318,0.6981317007977318,0.5338269040240177,-1.5918154627152639,-6.063080473203159,-1.727560979826011,1.312694371853296,0.0,-0.00431498917715566,0.060394464997866416,0.10422189225703195,0.0,1.0,1.0,4.0771949691654035,0.8,-232.70121375531454,137.2757406289086,-112.60724270641214,12.321029282888164,11.982408613006845,-24.7222151715257,0.0,0.0,0.0,0.0,0.0
18.035,0.8625562399732861,0.6981317007977318,0.6981317007977318,0.34043176706319145,-2.020039593135123,-7.963749852994898,-2.017826380332163,1.6060705949469645,0.0,-0.03314922151342815,0.05862693898407497,0.10264701296902654,0.0,1.0,1.0,4.0771949691654035,0.8,-220.16402459471306,129.82127186038977,-109.5805007894315,13.355204033510782,10.78347038196278,-22.44227582980211,0.0,0.0,0.0,0.0,0.0
18.135,0.890908347591162,0.6981317007977318,0.6981317007977318,0.12815702310414243,-2.1354185766342755,-8.6039922592323,-2.125228965342573,1.7422334380553903,0.0,-0.0693054743041285,0.05249446873233664,0.09372089004026306,0.0,1.0,1.0,4.0771949691654035,0.8,-190.2400637767299,113.47119498394859,-97.10999714954737,13.351004000177586,9.345374342133738,-18.390837408254782,0.0,0.0,0.0,0.0,0.0
18.240000000000002,0.9016007430824531,0.6981317007977318,0.6981317007977318,-0.09440578422774279,-2.1045167018365367,-8.656049536634688,-2.0515888275522265,1.701647360695933,0.0,-0.11130418893275669,0.041583837145948446,0.07834665758042736,0.0,1.0,1.0,4.0771949691654035,0.8,-140.3423588847888,87.88623203582551,-74.74263267425583,12.25608845883446,7.366731358590332,-12.878158994247137,0.0,0.0,0.0,0.0,0.0
18.345,0.8931574624632388,0.6981317007977318,0.6981317007977318,-0.309101787328836,-2.0123389176819817,-8.451979541291797,-1.7945874250728937,1.4775738696285332,0.0,-0.15343159574665957,0.02625723975113313,0.05815335009261089,0.0,1.0,1.0,4.0771949691654035,0.8,-72.08126658376138,53.785860855168735,-43.42118367322887,10.019275565818335,4.5021767969666,-6.574438997673015,0.0,0.0,0.0,0.0,0.0
18.445,0.8682708480903016,0.6981317007977318,0.6981317007977318,-0.4971775758233205,-1.8138908875511282,-7.793328861997085,-1.3942984075269693,1.1154919820602098,0.0,-0.19008451042459149,0.008032760993474563,0.03570224614421277,0.0,1.0,1.0,4.0771949691654035,0.8,7.106799263003129,12.905026119944527,-5.874628833271311,6.775714460409659,0.6738199746656299,-0.2546441539755886,0.0,0.0,0.0,0.0,0.0
18.545,0.8288731345103127,0.6981317007977318,0.6981317007977318,-0.6544515208638118,-1.4661097807010586,-6.501176638809598,-0.8731573049610625,0.6442179671981839,0.0,-0.22019448869906463,0.013440666019527547,0.017010617063200756,0.0,1.0,1.0,4.0771949691654035,0.8,93.35760026174108,-35.20713196345123,37.06821725140243,2.485724187340778,-4.189362912370548,5.938609994135401,0.0,0.0,0.0,0.0,0.0
18.650000000000002,0.7752036042520467,0.6981317007977318,0.6981317007977318,-0.7747944865883076,-1.014440883161486,-4.7559088546123665,-0.2378568914134607,0.08243628874187059,0.0,-0.24193234345861916,0.036080587444641175,0.0321814301556993,0.0,0.0,0.0,4.0771949691654035,0.8,180.62801749665397,-89.31988233385451,83.14998905499147,-2.8763918636347605,-9.973973568150889,11.89077030019428,0.0,0.0,0.0,0.0,0.0
18.755,0.7130031512511059,0.6981317007977318,0.6981317007977318,-0.8468929203189826,-0.5549578813357845,-2.940185818136138,0.4467911074022621,-0.48823443556864154,0.0,-0.25138730838297924,0.0563875532934142,0.06178035864428677,0.0,0.0,0.0,4.0771949691654035,0.8,251.57783300882338,-140.07988027871102,123.34717405311407,-8.59655875405579,-15.626436487817067,16.99455404517847,0.0,0.0,0.0,0.0,0.0
18.855,0.6498239088928149,0.6981317007977318,0.6981317007977318,-0.8681835072366392,-0.0726601935000758,-0.9907965811864052,1.103504463672726,-0.9836459112412252,0.0,-0.24775696261308153,0.07033814304067412,0.08883426222022424,0.0,0.0,0.0,4.0771949691654035,0.8,291.8167567119427,-177.39918312111996,149.1829131434561,-13.745350439504904,-19.83067032871047,20.867916634700304,0.0,0.0,0.0,0.0,0.0
18.955000000000002,0.5872981808729584,0.6981317007977318,0.6981317007977318,-0.831799353554355,0.5507887112518649,1.5802334797457158,1.7086584256743178,-1.3827712716574616,0.0,-0.2314761271277711,0.07611963654001444,0.11012138620611812,0.0,1.0,1.0,4.0771949691654035,0.8,295.5960750576441,-195.9049068818117,156.86853530523666,-17.937545512565364,-21.789251521850456,23.494408628961327,0.0,0.0,0.0,0.0,0.0
19.06,0.5287252129133351,0.6981317007977318,0.6981317007977318,-0.7102865190733612,1.4262870972942618,5.247021362415002,2.2027875694763046,-1.6556493779481993,0.0,-0.20156382844102388,0.07134132616435043,0.12205502056737884,0.0,1.0,1.0,4.0771949691654035,0.8,256.1847267233308,-188.2884216600195,142.0092102018601,-20.657123625925937,-20.610174401039174,24.337627529582253,0.0,0.0,0.0,0.0,0.0
19.16,0.48741150158613,0.6981317007977318,0.6981317007977318,-0.49771445599389075,2.392554488518321,9.35673955924589,2.4418760722605994,-1.749784106842906,0.0,-0.1630403758493091,0.05666516568419128,0.12048973468227431,0.0,1.0,1.0,4.0771949691654035,0.8,183.14945715444753,-153.98239167217147,108.12788473298342,-21.18379950336288,-16.340729197868228,22.504117544172296,0.0,0.0,0.0,0.0,0.0
19.26,0.4681457334039104,0.6981317007977318,0.6981317007977318,-0.19853345559571903,3.173269237849156,12.779210607889336,2.3799430063888893,-1.6726377758970767,0.0,-0.11845012314504359,0.034969494267955196,0.10519739624471378,0.0,1.0,1.0,4.0771949691654035,0.8,90.28757662300671,-98.91121219000107,62.55168955894188,-19.442505261786035,-9.694806566916938,17.438115906231076,0.0,0.0,0.0,0.0,0.0
19.365000000000002,0.4773563744913977,0.6981317007977318,0.6981317007977318,0.1560698196655264,3.366519193721107,13.850810975970889,1.9810645258704007,-1.415779740156157,0.0,-0.07061891752741399,0.010902265388295765,0.07696059720838307,0.0,1.0,1.0,4.0771949691654035,0.8,-8.865401922848847,-30.764851266171426,12.914305159793896,-15.241565168671237,-1.5753025487881662,8.851098811134875,0.0,0.0,0.0,0.0,0.0
19.47,0.5164957642113696,0.6981317007977318,0.6981317007977318,0.47180533041376665,2.780874165024313,11.715610419850185,1.316473975987528,-1.0062591910757477,0.0,-0.02808005946232789,0.017585159537187877,0.04780082051614583,0.0,1.0,1.0,4.0771949691654035,0.8,-94.05035344384295,33.983105402107654,-30.072738445092952,-9.253492866793454,5.866336571531787,-1.5812955090780942,0.0,0.0,0.0,0.0,0.0
19.57,0.5754069014577733,0.6981317007977318,0.6981317007977318,0.67562509457438,1.7189714676545387,7.54908189571946,0.553961362470219,-0.5145705691565348,0.0,0.002338463645014049,0.03532351825637804,0.04591172658868292,0.0,1.0,1.0,4.0771949691654035,0.8,-155.8332147885138,82.86935483200668,-62.23461855841711,-2.965592033339469,10.868305101251039,-11.202425354933768,0.0,0.0,0.0,0.0,0.0
19.67,0.645929541202601,0.6981317007977318,0.6981317007977318,0.7587394200586219,0.4940651720539151,2.6213915699849597,-0.21713153654852238,0.0274878052956863,0.0,0.019586287558792076,0.048372757486632556,0.06823997820472766,0.0,0.0,0.0,4.0771949691654035,0.8,-198.3105650049616,115.62165295093138,-86.37761845839321,2.8022423124757,13.30903012823214,-18.780781428778916,0.0,0.0,0.0,0.0,0.0
19.775000000000002,0.7215230738582581,0.6981317007977318,0.6981317007977318,0.7229288852612004,-0.640609162554769,-2.0335453465606057,-0.9346722542720974,0.5927913604292643,0.0,0.022170361594365966,0.05675473211865135,0.09000304188045488,0.0,0.0,0.0,4.0771949691654035,0.8,-223.99370480960252,133.7469385187354,-103.47828095438909,7.545431484119611,13.614762792195688,-23.51626574948326,0.0,0.0,0.0,0.0,0.0
19.88,0.7892861588614511,0.6981317007977318,0.6981317007977318,0.5950979125098512,-1.398741599542581,-5.2268638828095,-1.4970396946298785,1.0941746485874766,0.0,0.00960279851716626,0.06028231573297719,0.1017177348967723,0.0,1.0,1.0,4.0771949691654035,0.8,-232.63665911271244,138.50249413104112,-111.7064732640657,10.729706624273774,12.683505936783344,-24.890894344605858,0.0,0.0,0.0,0.0,0.0
19.98,0.8409848372882147,0.6981317007977318,0.6981317007977318,0.4263953679881867,-1.7635117408821188,-6.849064903598148,-1.8692197863838858,1.4626628823944694,0.0,-0.014293053490869758,0.05970810282295849,0.1034978212495446,0.0,1.0,1.0,4.0771949691654035,0.8,-226.5064728775367,133.520041750707,-111.26279962159443,12.441619402403497,11.47004107598627,-23.621793889576683,0.0,0.0,0.0,0.0,0.0
20.080000000000002,0.8775512017612584,0.6981317007977318,0.6981317007977318,0.23679755249321333,-1.9343448423296836,-7.697263017783061,-2.077959559784535,1.6879754823011475,0.0,-0.046966997656054776,0.05559485526976771,0.09791434412714933,0.0,1.0,1.0,4.0771949691654035,0.8,-206.16777232037936,121.20800125576244,-103.19580430114685,13.06016294646357,10.201779263848225,-20.47791729336537,0.0,0.0,0.0,0.0,0.0
20.185,0.8982987809697189,0.6981317007977318,0.6981317007977318,0.024298964231513454,-2.0557984271195915,-8.362451833284938,-2.113222051625152,1.746546774749476,0.0,-0.08725228567376729,0.04733870797402173,0.08583361871922467,0.0,1.0,1.0,4.0771949691654035,0.8,-167.5426492235363,101.04412826495785,-86.52479805565004,12.652208763739798,8.583171927633112,-15.686853928965562,0.0,0.0,0.0,0.0,0.0
20.285,0.9003954119896773,0.6981317007977318,0.6981317007977318,-0.185714503531791,-2.1033230838072448,-8.724229898653793,-1.9647192820348673,1.627108850304443,0.0,-0.12779667364720285,0.03532617489121043,0.06933994345389706,0.0,1.0,1.0,4.0771949691654035,0.8,-112.56131609220448,74.03070208280168,-62.09475924361668,11.229724852066287,6.349597850444558,-10.094940695866676,0.0,0.0,0.0,0.0,0.0
20.385,0.8851784562422834,0.6981317007977318,0.6981317007977318,-0.388920999804033,-1.9813927871549846,-8.389661503572146,-1.6484795677136148,1.3483981748576304,0.0,-0.1669330130721316,0.01916578428351777,0.048708587912714575,0.0,1.0,1.0,4.0771949691654035,0.8,-40.950431066700105,38.15834102028397,-28.991332138239237,8.699156102493331,3.1191560247873746,-3.9187232773377163,0.0,0.0,0.0,0.0,0.0
20.490000000000002,0.8520893302980307,0.6981317007977318,0.6981317007977318,-0.5737191003847447,-1.6525294799170187,-7.196660162222985,-1.1687130106680432,0.9143724882529057,0.0,-0.202855816049799,0.002654391165988877,0.025002638356013962,0.0,1.0,1.0,4.0771949691654035,0.8,46.34738742858745,-8.582225926689219,13.447524559146796,4.827418150027862,-1.4210100845728189,2.676872544212538,0.0,0.0,0.0,0.0,0.0
20.595,0.8045968197452097,0.6981317007977318,0.6981317007977318,-0.7159980541864557,-1.2331176283306344,-5.600459433968001,-0.578834804547353,0.381750672443964,0.0,-0.23018166925902975,0.02442704496027229,0.019781793513345813,0.0,1.0,1.0,4.0771949691654035,0.8,136.3911184871896,-61.29922417515459,59.58802845417562,-0.09876805490738816,-6.901004880330478,8.914539988308006,0.0,0.0,0.0,0.0,0.0
20.695,0.749447135474915,0.6981317007977318,0.6981317007977318,-0.8099899074702794,-0.8280424541313599,-4.0240824542159785,0.05101948600912948,-0.16468954830739452,0.0,-0.2458160746893175,0.04531192263377422,0.04473842990964601,0.0,0.0,0.0,4.0771949691654035,0.8,213.8885449144379,-112.00184192029292,101.57166157892888,-5.3995748273437965,-12.467144048342991,14.222274102199423,0.0,0.0,0.0,0.0,0.0
20.795,0.6881189326990123,0.6981317007977318,0.6981317007977318,-0.8613737630955619,-0.386613877266859,-2.265399165878418,0.7117895667099794,-0.6950088086108694,0.0,-0.2497118773727779,0.06279216034080584,0.07316894084302591,0.0,0.0,0.0,4.0771949691654035,0.8,271.6710768605269,-156.7517825106645,135.4954291626177,-10.784214242872512,-17.51998518255171,18.69705875350902,0.0,0.0,0.0,0.0,0.0
20.900000000000002,0.6214309074167199,0.6981317007977318,0.6981317007977318,-0.8602029272712445,0.1873519117426378,0.07570793020360789,1.3869410346474316,-1.1777718986421049,0.0,-0.24026982643393172,0.074146866570243,0.09952540818403917,0.0,0.0,0.0,4.0771949691654035,0.8,298.65874747131755,-188.63039308759178,155.26631541478056,-15.836904942859084,-21.070196590483764,22.24568103306812,0.0,0.0,0.0,0.0,0.0
21.005,0.5581652256679065,0.6981317007977318,0.6981317007977318,-0.7857210141937216,0.9431594647645567,3.216868213503808,1.9683024347453202,-1.5335366900767555,0.0,-0.21708333074665473,0.07533442002307447,0.11750629996194008,0.0,1.0,1.0,4.0771949691654035,0.8,282.4191447447704,-196.11461396842492,152.851787838714,-19.522812478890778,-21.683964133032216,24.196941482145284,0.0,0.0,0.0,0.0,0.0
21.105,0.5080460027784017,0.6981317007977318,0.6981317007977318,-0.6264838639612271,1.8563171818556528,7.067379983868185,2.343742736751959,-1.7190026887752046,0.0,-0.18359810740256868,0.06588508852527436,0.12314179751028743,0.0,1.0,1.0,4.0771949691654035,0.8,227.024709209166,-176.01298895177268,128.85886569596283,-21.19456991032436,-19.056084211609665,23.88672943378331,0.0,0.0,0.0,0.0,0.0
21.205000000000002,0.47576231103187094,0.6981317007977318,0.6981317007977318,-0.3719326577155137,2.789620808403375,11.076281799728955,2.453797783111068,-1.7362007273003353,0.0,-0.14182877226305407,0.04754805546511597,0.11536510335702073,0.0,1.0,1.0,4.0771949691654035,0.8,142.8849325760246,-131.28009408821984,88.53276630512089,-20.711075129658155,-13.591988145374852,20.64609040579729,0.0,0.0,0.0,0.0,0.0
21.31,0.4687635560628925,0.6981317007977318,0.6981317007977318,-0.030282980504890034,3.3641304183908876,13.691989233075718,2.230133601193078,-1.5715482575810835,0.0,-0.09383082666020465,0.023063268765252845,0.09299654112044012,0.0,1.0,1.0,4.0771949691654035,0.8,42.26859657932591,-66.99035577302008,38.56442257706445,-17.741067901247746,-5.877327790468577,13.71073107404034,0.0,0.0,0.0,0.0,0.0
21.41,0.49086307131697055,0.6981317007977318,0.6981317007977318,0.30065967736883803,3.2042581247915187,13.30491284820242,1.7222095541532492,-1.2567210210855837,0.0,-0.0498170632855255,0.007680271953287703,0.06337496167746774,0.0,1.0,1.0,4.0771949691654035,0.8,-47.61616605498031,-1.9224092951286895,-6.577221038940577,-12.84972478372741,1.7978257942445623,4.489673320723595,0.0,0.0,0.0,0.0,0.0
21.51,0.5381502331981528,0.6981317007977318,0.6981317007977318,0.5669760092771712,2.3978079376571353,10.229911267862281,1.0198760857542186,-0.8188771749559993,0.0,-0.012962580964400162,0.025115454531873863,0.04250560950912247,0.0,1.0,1.0,4.0771949691654035,0.8,-121.11917987572797,55.334996018086215,-43.948118156499056,-6.752592976470184,8.161590748596351,-5.5713244737837915,0.0,0.0,0.0,0.0,0.0
21.615000000000002,0.6064534618751298,0.6981317007977318,0.6981317007977318,0.7283875106918941,1.1691432142963958,5.34953484011665,0.20175413623869737,-0.2737603138204011,0.0,0.013359257704571855,0.04182803884548597,0.05495445598479145,0.0,1.0,1.0,4.0771949691654035,0.8,-177.28419295509366,99.61248334244121,-74.05653597120364,-0.2611935713259683,12.274907558843793,-14.937723638375754,0.0,0.0,0.0,0.0,0.0
21.72,0.6825111400046329,0.6981317007977318,0.6981317007977318,0.7559071138003446,-0.08336766529395832,0.26481946551268365,-0.5754229240537357,0.30087592548895564,0.0,0.024278581815619645,0.05302246121130915,0.07963272097198267,0.0,0.0,0.0,4.0771949691654035,0.8,-212.86444580978267,126.15145093176201,-95.61974480475537,5.2474096697957355,13.682393976543235,-21.46825837086937,0.0,0.0,0.0,0.0,0.0
21.82,0.7521075626149778,0.6981317007977318,0.6981317007977318,0.6768815607649503,-1.0183271297433167,-3.6104130017421356,-1.19666101623543,0.8188771749559962,0.0,0.019979162701980333,0.058832633063558466,0.09632972274737003,0.0,0.0,0.0,4.0771949691654035,0.8,-229.72012017693413,137.23079212686798,-108.14321838121538,9.093629762328725,13.304508171761848,-24.48707345023051,0.0,0.0,0.0,0.0,0.0
21.92,0.8118095436936397,0.6981317007977318,0.6981317007977318,0.5312442378461671,-1.5803449660952236,-6.018379155032382,-1.6653133698340379,1.2567210210855813,0.0,0.0027092969712079387,0.06050111754725681,0.10342187787012025,0.0,1.0,1.0,4.0771949691654035,0.8,-231.89630852880256,137.50182051410013,-112.50443378476216,11.555159832265318,12.210421892278779,-24.642679782174877,0.0,0.0,0.0,0.0,0.0
22.025000000000002,0.8595411256419739,0.6981317007977318,0.6981317007977318,0.3428202192293722,-1.8535595987475202,-7.283067695678135,-1.9836182824879849,1.5834473418155366,0.0,-0.026703814816191305,0.05830509340346959,0.10177563929715543,0.0,1.0,1.0,4.0771949691654035,0.8,-219.2571165340428,128.8266226520551,-108.58207723051221,12.844661203428576,10.913201515174467,-22.401902960696166,0.0,0.0,0.0,0.0,0.0
22.13,0.889885665102511,0.6981317007977318,0.6981317007977318,0.1370810010294318,-1.9958595256479155,-8.027843616308985,-2.1188734334285217,1.739431672046563,0.0,-0.06425278935129779,0.05220443830670471,0.09287167967452645,0.0,1.0,1.0,4.0771949691654035,0.8,-190.20093000855894,112.5728467738092,-96.36879086837313,12.999335843835286,9.498496053185113,-18.356786184272266,0.0,0.0,0.0,0.0,0.0
22.23,0.9015387067398972,0.6981317007977318,0.6981317007977318,-0.06990463103597538,-2.091452145205462,-8.583181869510682,-2.0682793717306924,1.7136399185880913,0.0,-0.10411394334501387,0.042469498238791675,0.07897272610326835,0.0,1.0,1.0,4.0771949691654035,0.8,-145.09147392888406,89.9402980437598,-76.63875543906363,12.14362931907815,7.691141831005835,-13.268506022133616,0.0,0.0,0.0,0.0,0.0
22.330000000000002,0.8957756206296839,0.6981317007977318,0.6981317007977318,-0.27920292273076514,-2.073984480562534,-8.679401428461299,-1.8417162729018328,1.5201051502668326,0.0,-0.14447999731307729,0.028558289448823142,0.06050874728767163,0.0,1.0,1.0,4.0771949691654035,0.8,-82.23858079967343,59.04008793707037,-48.2609287495585,10.234360531615522,5.035698272260994,-7.357803455128204,0.0,0.0,0.0,0.0,0.0
22.435,0.8715735454252522,0.6981317007977318,0.6981317007977318,-0.4817166700045624,-1.845177861248897,-7.908523229103031,-1.4363342336724323,1.157295764316403,0.0,-0.18363245740179016,0.00979338283166173,0.03733079543748595,0.0,1.0,1.0,4.0771949691654035,0.8,-0.4587577963674576,16.946906684913472,-9.584627320792087,7.006418292731255,1.1024009079551869,-0.7587402893507971,0.0,0.0,0.0,0.0,0.0
22.535,0.8334090019221947,0.6981317007977318,0.6981317007977318,-0.6401758667406058,-1.4758962870564374,-6.529657609988889,-0.9271310143042432,0.6950088086108727,0.0,-0.21453386980021996,0.011475913881908032,0.017451224770350642,0.0,1.0,1.0,4.0771949691654035,0.8,85.21766605354306,-30.705573204714653,33.07033789566562,2.82746650441282,-3.6751991014419185,5.41712059565431,0.0,0.0,0.0,0.0,0.0
22.635,0.7836314845696922,0.6981317007977318,0.6981317007977318,-0.7584287147827055,-1.0713603900230506,-4.97488816419123,-0.333097331985461,0.16468954830739796,0.0,-0.23652820904856206,0.03299572951822623,0.02845366169457057,0.0,1.0,1.0,4.0771949691654035,0.8,168.98427526313134,-81.83433069616214,76.93765926783641,-2.172614056151709,-9.124540517445363,11.124531060242543,0.0,0.0,0.0,0.0,0.0
22.740000000000002,0.7225244145150957,0.6981317007977318,0.6981317007977318,-0.8386950850484575,-0.6378426964539806,-3.2715651011398315,0.34688193822899127,-0.4085293867478409,0.0,-0.24788600964582666,0.05378171275997006,0.05762422402802577,0.0,0.0,0.0,4.0771949691654035,0.8,243.06605321444994,-133.31558561379384,118.23733467425079,-7.847611530187952,-14.86691323252881,16.350422748141348,0.0,0.0,0.0,0.0,0.0
22.845,0.656474293087639,0.6981317007977318,0.6981317007977318,-0.8686691019295366,-0.13159504800101904,-1.2314739492204638,1.039454437877136,-0.9376968912132325,0.0,-0.24578874115332827,0.0693102865936971,0.08647019484696318,0.0,0.0,0.0,4.0771949691654035,0.8,289.5749342172733,-174.45843755049125,147.3979996893064,-13.315220584033458,-19.51640011486223,20.551469769923077,0.0,0.0,0.0,0.0,0.0
22.945,0.5936299894844166,0.6981317007977318,0.6981317007977318,-0.8384929809692766,0.48475529073792495,1.3056474478975586,1.652696629065132,-1.3483981748576284,0.0,-0.23081346503729686,0.07605009087283605,0.10852833279782706,0.0,1.0,1.0,4.0771949691654035,0.8,297.33100619339217,-195.28722450699934,157.21123891707722,-17.62767694388952,-21.74984622245254,23.310478882679586,0.0,0.0,0.0,0.0,0.0
23.045,0.536623416449689,0.6981317007977318,0.6981317007977318,-0.7334316629399563,1.2884966543289593,4.666706746464522,2.144739655247972,-1.6271088503044417,0.0,-0.20377485117241206,0.07280237053620262,0.12128733489626463,0.0,1.0,1.0,4.0771949691654035,0.8,264.7057626525741,-191.36455321626832,145.71435474394332,-20.43562876552376,-21.01921723988302,24.372464637895817,0.0,0.0,0.0,0.0,0.0
23.150000000000002,0.49095496434864694,0.6981317007977318,0.6981317007977318,-0.5233465151716405,2.293264170472841,8.931407926681826,2.4306113415247688,-1.7480572811834476,0.0,-0.16450253813772037,0.05858589798613468,0.12138890537940876,0.0,1.0,1.0,4.0771949691654035,0.8,191.94036410768504,-158.63587821873307,112.32570600539238,-21.263452315013385,-16.915547360899474,22.83151546830902,0.0,0.0,0.0,0.0,0.0
23.255,0.4687452543782522,0.6981317007977318,0.6981317007977318,-0.2152954080350077,3.143490198721449,12.64438609741984,2.391088720674238,-1.6805139499346535,0.0,-0.11807115155556558,0.0362186817065706,0.10638954286797123,0.0,1.0,1.0,4.0771949691654035,0.8,95.39576961564671,-102.16022596568736,65.07680894147417,-19.612223686903295,-10.08935061021736,17.779496466235372,0.0,0.0,0.0,0.0,0.0
23.355,0.4753611424657022,0.6981317007977318,0.6981317007977318,0.12240983043652753,3.3841964804823323,13.895956729239051,2.032880127037125,-1.4473910049804841,0.0,-0.07241562584664375,0.012905104624127438,0.08009128101895893,0.0,1.0,1.0,4.0771949691654035,0.8,0.3524523849439305,-37.458357607550994,17.54634291954909,-15.758025926752945,-2.368074975211881,9.79265976971373,0.0,0.0,0.0,0.0,0.0
23.455000000000002,0.5094824386453037,0.6981317007977318,0.6981317007977318,0.4318918635217929,2.907967641569757,12.201864529521432,1.42358492535357,-1.0725873438927078,0.0,-0.031015832648917642,0.014691502127095616,0.05115268968825342,0.0,1.0,1.0,4.0771949691654035,0.8,-83.00300706463585,25.310576350550093,-24.453533549176957,-10.197391834264053,4.901706290311754,-0.04892206491701767,0.0,0.0,0.0,0.0,0.0
23.56,0.5690382585150799,0.6981317007977318,0.6981317007977318,0.660658566063551,1.8395287631561115,8.028644271625994,0.6326690935741177,-0.5668554818467736,0.0,0.0023932368111502763,0.03373166752018641,0.04447346379574322,0.0,1.0,1.0,4.0771949691654035,0.8,-150.55211360074415,78.65145996882339,-59.39361976301801,-3.602351456665539,10.478289570397576,-10.299719471659568,0.0,0.0,0.0,0.0,0.0
23.66,0.6388740711572786,0.6981317007977318,0.6981317007977318,0.7561275416578526,0.6151706819476807,3.113072842941416,-0.14254712482781112,-0.02748780529568972,0.0,0.021004120425509195,0.0473055374518299,0.06579184220737257,0.0,0.0,0.0,4.0771949691654035,0.8,-194.96006986198216,113.06644576333431,-84.33765095364666,2.261641993774038,13.172498530643354,-18.142497936176,0.0,0.0,0.0,0.0,0.0
23.76,0.7112558824376586,0.6981317007977318,0.6981317007977318,0.7348299602283289,-0.4992883220541542,-1.44783186665957,-0.8408530321003301,0.5145705691565315,0.0,0.025218744527266718,0.05588990266192018,0.08742700059513259,0.0,0.0,0.0,4.0771949691654035,0.8,-221.52129056133677,132.07753987858172,-101.61750083571287,6.9562554782572,13.674325418014188,-23.04849205220377,0.0,0.0,0.0,0.0,0.0
23.865000000000002,0.7805996207311923,0.6981317007977318,0.6981317007977318,0.617333258057123,-1.3176927662786821,-4.878623711131388,-1.4273636390965647,1.0286241915118313,0.0,0.01464881829516293,0.060072542011208006,0.10067735634475948,0.0,1.0,1.0,4.0771949691654035,0.8,-232.4766279556572,138.53791690540504,-111.13913969664982,10.362690502459609,12.854623564537302,-24.875769086094163,0.0,0.0,0.0,0.0,0.0
23.97,0.8367084192904825,0.6981317007977318,0.6981317007977318,0.4443730004214615,-1.7395437035560815,-6.73696043644504,-1.8392495511925646,1.4317620054937816,0.0,-0.009109365843596545,0.05994947344255194,0.10366377076610195,0.0,1.0,1.0,4.0771949691654035,0.8,-227.8473664477116,134.39526890515347,-111.7067855289518,12.320520675761875,11.59732528852265,-23.836524073235854,0.0,0.0,0.0,0.0,0.0
24.07,0.8748453714010179,0.6981317007977318,0.6981317007977318,0.25627844234913405,-1.9208722718298668,-7.6267480092347455,-2.0645061306904453,1.6726377758970776,0.0,-0.04109098230844975,0.05618768433074292,0.09873909726602015,0.0,1.0,1.0,4.0771949691654035,0.8,-208.99263143935636,122.76156112504681,-104.38229538413133,13.042865051280396,10.339879388860595,-20.85551790054575,0.0,0.0,0.0,0.0,0.0
24.17,0.8967040961554911,0.6981317007977318,0.6981317007977318,0.05531230874200335,-2.0402276034563585,-8.274155873771049,-2.120043898496765,1.749784106842906,0.0,-0.0790076361771687,0.048804231576375055,0.0878966155078469,0.0,1.0,1.0,4.0771949691654035,0.8,-174.3481979375609,104.42883454254107,-89.49057478019313,12.77728160689416,8.856994465967764,-16.443431374089435,0.0,0.0,0.0,0.0,0.0
24.275000000000002,0.9011918949459518,0.6981317007977318,0.6981317007977318,-0.16472373687780506,-2.104470788421781,-8.712116700811078,-1.9874157862242665,1.6465413456698923,0.0,-0.12153758161987188,0.0367420921363707,0.07119076860663529,0.0,1.0,1.0,4.0771949691654035,0.8,-118.97114840585397,77.15217305660549,-64.97753295758864,11.422426393672213,6.623446596787462,-10.683973092625697,0.0,0.0,0.0,0.0,0.0
24.38,0.8865514371515743,0.6981317007977318,0.6981317007977318,-0.379253467286908,-1.9924363950857622,-8.42695442025525,-1.66784129502986,1.3657532128420855,0.0,-0.16289739877834347,0.02008689837806288,0.04982758117718555,0.0,1.0,1.0,4.0771949691654035,0.8,-44.96168146388311,40.206931550126384,-30.879909708458328,8.855920551332808,3.31608262982495,-4.2311026324797965,0.0,0.0,0.0,0.0,0.0
24.48,0.8561319314908931,0.6981317007977318,0.6981317007977318,-0.5578592619151971,-1.6898342711321848,-7.3360711985155875,-1.21977809463786,0.9607899314967394,0.0,-0.19763504962144424,0.0020963061007506015,0.027145242197016854,0.0,1.0,1.0,4.0771949691654035,0.8,37.664246631795244,-3.7614668280469985,9.132278111158872,5.249326514004146,-0.9334143542799858,2.0597391349464034,0.0,0.0,0.0,0.0,0.0
24.580000000000002,0.8123332509435065,0.6981317007977318,0.6981317007977318,-0.6983916984586553,-1.2935678198766052,-5.832841566242078,-0.6684559632592058,0.46177783743939776,0.0,-0.224832160260114,0.021167900863698724,0.017611396667457986,0.0,1.0,1.0,4.0771949691654035,0.8,123.74592063311346,-53.561557968460534,52.96394058300798,0.6584106220480117,-6.072022394502463,8.059872192729085,0.0,0.0,0.0,0.0,0.0
24.685000000000002,0.7555133615050024,0.6981317007977318,0.6981317007977318,-0.8023702492504123,-0.8688098063279625,-4.184203170922267,-0.014171690980172513,-0.10988340917630784,0.0,-0.2427253331578791,0.043323811071174535,0.04189825786986014,0.0,0.0,0.0,4.0771949691654035,0.8,206.83266034144606,-107.061708469444,97.63364626649211,-4.855313695290094,-11.914445283626874,13.724747548170704,0.0,0.0,0.0,0.0,0.0
24.79,0.6914920153705998,0.6981317007977318,0.6981317007977318,-0.8598491083696631,-0.41053733597806813,-2.361720047600077,0.6784236930015247,-0.6696960066388971,0.0,-0.24782226963945841,0.062055851455430085,0.07178123187992977,0.0,0.0,0.0,4.0771949691654035,0.8,269.5009728443257,-154.77807980029482,134.12562415154588,-10.523382320663664,-17.299052004890072,18.493979612497856,0.0,0.0,0.0,0.0,0.0
24.89,0.6279592667823187,0.6981317007977318,0.6981317007977318,-0.8630948607074637,0.12569430302325982,-0.17799570862678427,1.3249927262101178,-1.1365340845778154,0.0,-0.23982647465147672,0.07349037736516875,0.09731203073449542,0.0,0.0,0.0,4.0771949691654035,0.8,298.0029125287522,-186.55775837258673,154.33632895441784,-15.406604302252653,-20.852918841970062,21.964258485922002,0.0,0.0,0.0,0.0,0.0
24.990000000000002,0.5669451985103058,0.6981317007977318,0.6981317007977318,-0.8016921297801022,0.8209269795212126,2.7057256471319566,1.8942617332866598,-1.4921202876196653,0.0,-0.21929541936770228,0.07590337208648612,0.11563911842161503,0.0,1.0,1.0,4.0771949691654035,0.8,287.6944091300376,-196.8694589255079,154.76564954290822,-19.111495679510426,-21.819896748537435,24.03678434846465,0.0,0.0,0.0,0.0,0.0
