t,angle,setpoint,sp_goal,dq,a_hat,tau_dyn,tau_cmd,tau_load,tau_f_exp,bias_u,pos_err,rot_err,risk_act,risk_err,risk,J_est,D_est,Fx,Fy,Fz,Mx,My,Mz,b0,b1,b2,b3,b4
0.005,0.0,0.0,0.0,0.0,0.0,0.0,0.0,0.0,0.0,0.0,0.0,0.0,0.0,0.0,0.0,4.077194969165407,0.8,0.0,0.0,0.0,0.0,0.0,0.0,0.0,0.0,0.0,0.0,0.0
0.11,0.0,0.0,0.0,0.0,0.0,0.0,0.0,0.0,0.0,0.0,0.0,0.0,0.0,0.0,0.0,4.077194969165407,0.8,0.0,0.0,0.0,0.0,0.0,0.0,0.0,0.0,0.0,0.0,0.0
0.215,0.0,0.0,0.0,0.0,0.0,0.0,0.0,0.0,0.0,0.0,0.0,0.0,0.0,0.0,0.0,4.077194969165407,0.8,0.0,0.0,0.0,0.0,0.0,0.0,0.0,0.0,0.0,0.0,0.0
0.315,0.0,0.0,0.0,0.0,0.0,0.0,0.0,0.0,0.0,0.0,0.0,0.0,0.0,0.0,0.0,4.077194969165407,0.8,0.0,0.0,0.0,0.0,0.0,0.0,0.0,0.0,0.0,0.0,0.0
0.41500000000000004,0.0,0.0,0.0,0.0,0.0,0.0,0.0,0.0,0.0,0.0,0.0,0.0,0.0,0.0,0.0,4.077194969165407,0.8,0.0,0.0,0.0,0.0,0.0,0.0,0.0,0.0,0.0,0.0,0.0
0.52,0.0,0.0,0.0,0.0,0.0,0.0,0.0,0.0,0.0,0.0,0.0,0.0,0.0,0.0,0.0,4.077194969165407,0.8,0.0,0.0,0.0,0.0,0.0,0.0,0.0,0.0,0.0,0.0,0.0
0.625,0.0,0.0,0.0,0.0,0.0,0.0,0.0,0.0,0.0,0.0,0.0,0.0,0.0,0.0,0.0,4.077194969165407,0.8,0.0,0.0,0.0,0.0,0.0,0.0,0.0,0.0,0.0,0.0,0.0
0.73,0.0,0.0,0.0,0.0,0.0,0.0,0.0,0.0,0.0,0.0,0.0,0.0,0.0,0.0,0.0,4.077194969165407,0.8,0.0,0.0,0.0,0.0,0.0,0.0,0.0,0.0,0.0,0.0,0.0
0.8300000000000001,0.0,0.0,0.0,0.0,0.0,0.0,0.0,0.0,0.0,0.0,0.0,0.0,0.0,0.0,0.0,4.077194969165407,0.8,0.0,0.0,0.0,0.0,0.0,0.0,0.0,0.0,0.0,0.0,0.0
0.935,0.0,0.0,0.0,0.0,0.0,0.0,0.0,0.0,0.0,0.0,0.0,0.0,0.0,0.0,0.0,4.077194969165407,0.8,0.0,0.0,0.0,0.0,0.0,0.0,0.0,0.0,0.0,0.0,0.0
1.04,0.0,0.0,0.0,0.0,0.0,0.0,0.0,0.0,0.0,0.0,0.0,0.0,0.0,0.0,0.0,4.077194969165407,0.8,0.0,0.0,0.0,0.0,0.0,0.0,0.0,0.0,0.0,0.0,0.0
1.1400000000000001,0.0,0.0,0.0,0.0,0.0,0.0,0.0,0.0,0.0,0.0,0.0,0.0,0.0,0.0,0.0,4.077194969165407,0.8,0.0,0.0,0.0,0.0,0.0,0.0,0.0,0.0,0.0,0.0,0.0
1.245,0.0,0.0,0.0,0.0,0.0,0.0,0.0,0.0,0.0,0.0,0.0,0.0,0.0,0.0,0.0,4.077194969165407,0.8,0.0,0.0,0.0,0.0,0.0,0.0,0.0,0.0,0.0,0.0,0.0
1.35,0.0,0.0,0.0,0.0,0.0,0.0,0.0,0.0,0.0,0.0,0.0,0.0,0.0,0.0,0.0,4.077194969165407,0.8,0.0,0.0,0.0,0.0,0.0,0.0,0.0,0.0,0.0,0.0,0.0
1.455,0.0,0.0,0.0,0.0,0.0,0.0,0.0,0.0,0.0,0.0,0.0,0.0,0.0,0.0,0.0,4.077194969165407,0.8,0.0,0.0,0.0,0.0,0.0,0.0,0.0,0.0,0.0,0.0,0.0
1.56,0.0,0.0,0.0,0.0,0.0,0.0,0.0,0.0,0.0,0.0,0.0,0.0,0.0,0.0,0.0,4.077194969165407,0.8,0.0,0.0,0.0,0.0,0.0,0.0,0.0,0.0,0.0,0.0,0.0
1.6600000000000001,0.0,0.0,0.0,0.0,0.0,0.0,0.0,0.0,0.0,0.0,0.0,0.0,0.0,0.0,0.0,4.077194969165407,0.8,0.0,0.0,0.0,0.0,0.0,0.0,0.0,0.0,0.0,0.0,0.0
1.7650000000000001,0.0,0.0,0.0,0.0,0.0,0.0,0.0,0.0,0.0,0.0,0.0,0.0,0.0,0.0,0.0,4.077194969165407,0.8,0.0,0.0,0.0,0.0,0.0,0.0,0.0,0.0,0.0,0.0,0.0
1.87,0.0,0.0,0.0,0.0,0.0,0.0,0.0,0.0,0.0,0.0,0.0,0.0,0.0,0.0,0.0,4.077194969165407,0.8,0.0,0.0,0.0,0.0,0.0,0.0,0.0,0.0,0.0,0.0,0.0
1.975,0.0,0.0,0.0,0.0,0.0,0.0,0.0,0.0,0.0,0.0,0.0,0.0,0.0,0.0,0.0,4.077194969165407,0.8,0.0,0.0,0.0,0.0,0.0,0.0,0.0,0.0,0.0,0.0,0.0
2.075,0.0,0.0,0.0,0.0,0.0,0.0,0.0,0.0,0.0,0.0,0.0,0.0,0.0,0.0,0.0,4.077194969165407,0.8,0.0,0.0,0.0,0.0,0.0,0.0,0.0,0.0,0.0,0.0,0.0
2.1750000000000003,0.0,0.0,0.0,0.0,0.0,0.0,0.0,0.0,0.0,0.0,0.0,0.0,0.0,0.0,0.0,4.077194969165407,0.8,0.0,0.0,0.0,0.0,0.0,0.0,0.0,0.0,0.0,0.0,0.0
2.2800000000000002,0.0,0.0,0.0,0.0,0.0,0.0,0.0,0.0,0.0,0.0,0.0,0.0,0.0,0.0,0.0,4.077194969165407,0.8,0.0,0.0,0.0,0.0,0.0,0.0,0.0,0.0,0.0,0.0,0.0
2.3850000000000002,0.0,0.0,0.0,0.0,0.0,0.0,0.0,0.0,0.0,0.0,0.0,0.0,0.0,0.0,0.0,4.077194969165407,0.8,0.0,0.0,0.0,0.0,0.0,0.0,0.0,0.0,0.0,0.0,0.0
2.49,0.0,0.0,0.0,0.0,0.0,0.0,0.0,0.0,0.0,0.0,0.0,0.0,0.0,0.0,0.0,4.077194969165407,0.8,0.0,0.0,0.0,0.0,0.0,0.0,0.0,0.0,0.0,0.0,0.0
2.595,0.0,0.0,0.0,0.0,0.0,0.0,0.0,0.0,0.0,0.0,0.0,0.0,0.0,0.0,0.0,4.077194969165407,0.8,0.0,0.0,0.0,0.0,0.0,0.0,0.0,0.0,0.0,0.0,0.0
2.7,0.0,0.0,0.0,0.0,0.0,0.0,0.0,0.0,0.0,0.0,0.0,0.0,0.0,0.0,0.0,4.077194969165407,0.8,0.0,0.0,0.0,0.0,0.0,0.0,0.0,0.0,0.0,0.0,0.0
2.8000000000000003,0.0,0.0,0.0,0.0,0.0,0.0,0.0,0.0,0.0,0.0,0.0,0.0,0.0,0.0,0.0,4.077194969165407,0.8,0.0,0.0,0.0,0.0,0.0,0.0,0.0,0.0,0.0,0.0,0.0
2.9050000000000002,0.0,0.0,0.0,0.0,0.0,0.0,0.0,0.0,0.0,0.0,0.0,0.0,0.0,0.0,0.0,4.077194969165407,0.8,0.0,0.0,0.0,0.0,0.0,0.0,0.0,0.0,0.0,0.0,0.0
3.0100000000000002,0.0,0.0,0.0,0.0,0.0,0.0,0.0,0.0,0.0,0.0,0.0,0.0,0.0,0.0,0.0,4.077194969165407,0.8,0.0,0.0,0.0,0.0,0.0,0.0,0.0,0.0,0.0,0.0,0.0
3.115,0.0,0.0,0.0,0.0,0.0,0.0,0.0,0.0,0.0,0.0,0.0,0.0,0.0,0.0,0.0,4.077194969165407,0.8,0.0,0.0,0.0,0.0,0.0,0.0,0.0,0.0,0.0,0.0,0.0
3.22,0.0,0.0,0.0,0.0,0.0,0.0,0.0,0.0,0.0,0.0,0.0,0.0,0.0,0.0,0.0,4.077194969165407,0.8,0.0,0.0,0.0,0.0,0.0,0.0,0.0,0.0,0.0,0.0,0.0
3.3200000000000003,0.0,0.0,0.0,0.0,0.0,0.0,0.0,0.0,0.0,0.0,0.0,0.0,0.0,0.0,0.0,4.077194969165407,0.8,0.0,0.0,0.0,0.0,0.0,0.0,0.0,0.0,0.0,0.0,0.0
3.4250000000000003,0.0,0.0,0.0,0.0,0.0,0.0,0.0,0.0,0.0,0.0,0.0,0.0,0.0,0.0,0.0,4.077194969165407,0.8,0.0,0.0,0.0,0.0,0.0,0.0,0.0,0.0,0.0,0.0,0.0
3.5300000000000002,0.0,0.0,0.0,0.0,0.0,0.0,0.0,0.0,0.0,0.0,0.0,0.0,0.0,0.0,0.0,4.077194969165407,0.8,0.0,0.0,0.0,0.0,0.0,0.0,0.0,0.0,0.0,0.0,0.0
3.6350000000000002,0.0,0.0,0.0,0.0,0.0,0.0,0.0,0.0,0.0,0.0,0.0,0.0,0.0,0.0,0.0,4.077194969165407,0.8,0.0,0.0,0.0,0.0,0.0,0.0,0.0,0.0,0.0,0.0,0.0
3.74,0.0,0.0,0.0,0.0,0.0,0.0,0.0,0.0,0.0,0.0,0.0,0.0,0.0,0.0,0.0,4.077194969165407,0.8,0.0,0.0,0.0,0.0,0.0,0.0,0.0,0.0,0.0,0.0,0.0
3.845,0.0,0.0,0.0,0.0,0.0,0.0,0.0,0.0,0.0,0.0,0.0,0.0,0.0,0.0,0.0,4.077194969165407,0.8,0.0,0.0,0.0,0.0,0.0,0.0,0.0,0.0,0.0,0.0,0.0
3.9450000000000003,0.0,0.0,0.0,0.0,0.0,0.0,0.0,0.0,0.0,0.0,0.0,0.0,0.0,0.0,0.0,4.077194969165407,0.8,0.0,0.0,0.0,0.0,0.0,0.0,0.0,0.0,0.0,0.0,0.0
4.05,0.0,0.0,0.0,0.0,0.0,0.0,0.0,0.0,0.0,0.0,0.0,0.0,0.0,0.0,0.0,4.077194969165407,0.8,0.0,0.0,0.0,0.0,0.0,0.0,0.0,0.0,0.0,0.0,0.0
4.15,0.0,0.0,0.0,0.0,0.0,0.0,0.0,0.0,0.0,0.0,0.0,0.0,0.0,0.0,0.0,4.077194969165407,0.8,0.0,0.0,0.0,0.0,0.0,0.0,0.0,0.0,0.0,0.0,0.0
4.255,0.0,0.0,0.0,0.0,0.0,0.0,0.0,0.0,0.0,0.0,0.0,0.0,0.0,0.0,0.0,4.077194969165407,0.8,0.0,0.0,0.0,0.0,0.0,0.0,0.0,0.0,0.0,0.0,0.0
4.355,0.0,0.0,0.0,0.0,0.0,0.0,0.0,0.0,0.0,0.0,0.0,0.0,0.0,0.0,0.0,4.077194969165407,0.8,0.0,0.0,0.0,0.0,0.0,0.0,0.0,0.0,0.0,0.0,0.0
4.46,0.0,0.0,0.0,0.0,0.0,0.0,0.0,0.0,0.0,0.0,0.0,0.0,0.0,0.0,0.0,4.077194969165407,0.8,0.0,0.0,0.0,0.0,0.0,0.0,0.0,0.0,0.0,0.0,0.0
4.5600000000000005,0.0,0.0,0.0,0.0,0.0,0.0,0.0,0.0,0.0,0.0,0.0,0.0,0.0,0.0,0.0,4.077194969165407,0.8,0.0,0.0,0.0,0.0,0.0,0.0,0.0,0.0,0.0,0.0,0.0
4.665,0.0,0.0,0.0,0.0,0.0,0.0,0.0,0.0,0.0,0.0,0.0,0.0,0.0,0.0,0.0,4.077194969165407,0.8,0.0,0.0,0.0,0.0,0.0,0.0,0.0,0.0,0.0,0.0,0.0
4.7700000000000005,0.0,0.0,0.0,0.0,0.0,0.0,0.0,0.0,0.0,0.0,0.0,0.0,0.0,0.0,0.0,4.077194969165407,0.8,0.0,0.0,0.0,0.0,0.0,0.0,0.0,0.0,0.0,0.0,0.0
4.875,0.0,0.0,0.0,0.0,0.0,0.0,0.0,0.0,0.0,0.0,0.0,0.0,0.0,0.0,0.0,4.077194969165407,0.8,0.0,0.0,0.0,0.0,0.0,0.0,0.0,0.0,0.0,0.0,0.0
4.9750000000000005,0.0,0.0,0.0,0.0,0.0,0.0,0.0,0.0,0.0,0.0,0.0,0.0,0.0,0.0,0.0,4.077194969165407,0.8,0.0,0.0,0.0,0.0,0.0,0.0,0.0,0.0,0.0,0.0,0.0
5.08,0.0,0.0,0.0,0.0,0.0,0.0,0.0,0.0,0.0,0.0,0.0,0.0,0.0,0.0,0.0,4.077194969165407,0.8,0.0,0.0,0.0,0.0,0.0,0.0,0.0,0.0,0.0,0.0,0.0
5.1850000000000005,0.0,0.0,0.0,0.0,0.0,0.0,0.0,0.0,0.0,0.0,0.0,0.0,0.0,0.0,0.0,4.077194969165407,0.8,0.0,0.0,0.0,0.0,0.0,0.0,0.0,0.0,0.0,0.0,0.0
5.29,0.0,0.0,0.0,0.0,0.0,0.0,0.0,0.0,0.0,0.0,0.0,0.0,0.0,0.0,0.0,4.077194969165407,0.8,0.0,0.0,0.0,0.0,0.0,0.0,0.0,0.0,0.0,0.0,0.0
5.3950000000000005,0.0,0.0,0.0,0.0,0.0,0.0,0.0,0.0,0.0,0.0,0.0,0.0,0.0,0.0,0.0,4.077194969165407,0.8,0.0,0.0,0.0,0.0,0.0,0.0,0.0,0.0,0.0,0.0,0.0
5.5,0.0,0.0,0.0,0.0,0.0,0.0,0.0,0.0,0.0,0.0,0.0,0.0,0.0,0.0,0.0,4.077194969165407,0.8,0.0,0.0,0.0,0.0,0.0,0.0,0.0,0.0,0.0,0.0,0.0
5.6000000000000005,0.0,0.0,0.0,0.0,0.0,0.0,0.0,0.0,0.0,0.0,0.0,0.0,0.0,0.0,0.0,4.077194969165407,0.8,0.0,0.0,0.0,0.0,0.0,0.0,0.0,0.0,0.0,0.0,0.0
5.705,0.0,0.0,0.0,0.0,0.0,0.0,0.0,0.0,0.0,0.0,0.0,0.0,0.0,0.0,0.0,4.077194969165407,0.8,0.0,0.0,0.0,0.0,0.0,0.0,0.0,0.0,0.0,0.0,0.0
5.8100000000000005,0.0,0.0,0.0,0.0,0.0,0.0,0.0,0.0,0.0,0.0,0.0,0.0,0.0,0.0,0.0,4.077194969165407,0.8,0.0,0.0,0.0,0.0,0.0,0.0,0.0,0.0,0.0,0.0,0.0
5.915,0.0,0.0,0.0,0.0,0.0,0.0,0.0,0.0,0.0,0.0,0.0,0.0,0.0,0.0,0.0,4.077194969165407,0.8,0.0,0.0,0.0,0.0,0.0,0.0,0.0,0.0,0.0,0.0,0.0
6.015000000000001,0.0,0.0,0.0,0.0,0.0,0.0,0.0,0.0,0.0,0.0,0.0,0.0,0.0,0.0,0.0,4.077194969165407,0.8,0.0,0.0,0.0,0.0,0.0,0.0,0.0,0.0,0.0,0.0,0.0
6.12,0.0,0.0,0.0,0.0,0.0,0.0,0.0,0.0,0.0,0.0,0.0,0.0,0.0,0.0,0.0,4.077194969165407,0.8,0.0,0.0,0.0,0.0,0.0,0.0,0.0,0.0,0.0,0.0,0.0
6.2250000000000005,0.0,0.0,0.0,0.0,0.0,0.0,0.0,0.0,0.0,0.0,0.0,0.0,0.0,0.0,0.0,4.077194969165407,0.8,0.0,0.0,0.0,0.0,0.0,0.0,0.0,0.0,0.0,0.0,0.0
6.33,0.0,0.0,0.0,0.0,0.0,0.0,0.0,0.0,0.0,0.0,0.0,0.0,0.0,0.0,0.0,4.077194969165407,0.8,0.0,0.0,0.0,0.0,0.0,0.0,0.0,0.0,0.0,0.0,0.0
6.4350000000000005,0.0,0.0,0.0,0.0,0.0,0.0,0.0,0.0,0.0,0.0,0.0,0.0,0.0,0.0,0.0,4.077194969165407,0.8,0.0,0.0,0.0,0.0,0.0,0.0,0.0,0.0,0.0,0.0,0.0
6.54,0.0,0.0,0.0,0.0,0.0,0.0,0.0,0.0,0.0,0.0,0.0,0.0,0.0,0.0,0.0,4.077194969165407,0.8,0.0,0.0,0.0,0.0,0.0,0.0,0.0,0.0,0.0,0.0,0.0
6.640000000000001,0.0,0.0,0.0,0.0,0.0,0.0,0.0,0.0,0.0,0.0,0.0,0.0,0.0,0.0,0.0,4.077194969165407,0.8,0.0,0.0,0.0,0.0,0.0,0.0,0.0,0.0,0.0,0.0,0.0
6.745,0.0,0.0,0.0,0.0,0.0,0.0,0.0,0.0,0.0,0.0,0.0,0.0,0.0,0.0,0.0,4.077194969165407,0.8,0.0,0.0,0.0,0.0,0.0,0.0,0.0,0.0,0.0,0.0,0.0
6.8500000000000005,0.0,0.0,0.0,0.0,0.0,0.0,0.0,0.0,0.0,0.0,0.0,0.0,0.0,0.0,0.0,4.077194969165407,0.8,0.0,0.0,0.0,0.0,0.0,0.0,0.0,0.0,0.0,0.0,0.0
6.955,0.0,0.0,0.0,0.0,0.0,0.0,0.0,0.0,0.0,0.0,0.0,0.0,0.0,0.0,0.0,4.077194969165407,0.8,0.0,0.0,0.0,0.0,0.0,0.0,0.0,0.0,0.0,0.0,0.0
7.0600000000000005,0.0,0.0,0.0,0.0,0.0,0.0,0.0,0.0,0.0,0.0,0.0,0.0,0.0,0.0,0.0,4.077194969165407,0.8,0.0,0.0,0.0,0.0,0.0,0.0,0.0,0.0,0.0,0.0,0.0
7.165,0.0,0.0,0.0,0.0,0.0,0.0,0.0,0.0,0.0,0.0,0.0,0.0,0.0,0.0,0.0,4.077194969165407,0.8,0.0,0.0,0.0,0.0,0.0,0.0,0.0,0.0,0.0,0.0,0.0
7.265000000000001,0.0,0.0,0.0,0.0,0.0,0.0,0.0,0.0,0.0,0.0,0.0,0.0,0.0,0.0,0.0,4.077194969165407,0.8,0.0,0.0,0.0,0.0,0.0,0.0,0.0,0.0,0.0,0.0,0.0
7.37,0.0,0.0,0.0,0.0,0.0,0.0,0.0,0.0,0.0,0.0,0.0,0.0,0.0,0.0,0.0,4.077194969165407,0.8,0.0,0.0,0.0,0.0,0.0,0.0,0.0,0.0,0.0,0.0,0.0
7.4750000000000005,0.0,0.0,0.0,0.0,0.0,0.0,0.0,0.0,0.0,0.0,0.0,0.0,0.0,0.0,0.0,4.077194969165407,0.8,0.0,0.0,0.0,0.0,0.0,0.0,0.0,0.0,0.0,0.0,0.0
7.58,0.0,0.0,0.0,0.0,0.0,0.0,0.0,0.0,0.0,0.0,0.0,0.0,0.0,0.0,0.0,4.077194969165407,0.8,0.0,0.0,0.0,0.0,0.0,0.0,0.0,0.0,0.0,0.0,0.0
7.6850000000000005,0.0,0.0,0.0,0.0,0.0,0.0,0.0,0.0,0.0,0.0,0.0,0.0,0.0,0.0,0.0,4.077194969165407,0.8,0.0,0.0,0.0,0.0,0.0,0.0,0.0,0.0,0.0,0.0,0.0
7.79,0.0,0.0,0.0,0.0,0.0,0.0,0.0,0.0,0.0,0.0,0.0,0.0,0.0,0.0,0.0,4.077194969165407,0.8,0.0,0.0,0.0,0.0,0.0,0.0,0.0,0.0,0.0,0.0,0.0
7.890000000000001,0.0,0.0,0.0,0.0,0.0,0.0,0.0,0.0,0.0,0.0,0.0,0.0,0.0,0.0,0.0,4.077194969165407,0.8,0.0,0.0,0.0,0.0,0.0,0.0,0.0,0.0,0.0,0.0,0.0
7.995,0.0,0.0,0.0,0.0,0.0,0.0,0.0,0.0,0.0,0.0,0.0,0.0,0.0,0.0,0.0,4.077194969165407,0.8,0.0,0.0,0.0,0.0,0.0,0.0,0.0,0.0,0.0,0.0,0.0
8.095,0.0,0.0,0.0,0.0,0.0,0.0,0.0,0.0,0.0,0.0,0.0,0.0,0.0,0.0,0.0,4.077194969165407,0.8,0.0,0.0,0.0,0.0,0.0,0.0,0.0,0.0,0.0,0.0,0.0
8.2,0.0,0.0,0.0,0.0,0.0,0.0,0.0,0.0,0.0,0.0,0.0,0.0,0.0,0.0,0.0,4.077194969165407,0.8,0.0,0.0,0.0,0.0,0.0,0.0,0.0,0.0,0.0,0.0,0.0
8.3,0.0,0.0,0.0,0.0,0.0,0.0,0.0,0.0,0.0,0.0,0.0,0.0,0.0,0.0,0.0,4.077194969165407,0.8,0.0,0.0,0.0,0.0,0.0,0.0,0.0,0.0,0.0,0.0,0.0
8.405,0.0,0.0,0.0,0.0,0.0,0.0,0.0,0.0,0.0,0.0,0.0,0.0,0.0,0.0,0.0,4.077194969165407,0.8,0.0,0.0,0.0,0.0,0.0,0.0,0.0,0.0,0.0,0.0,0.0
8.505,0.0,0.0,0.0,0.0,0.0,0.0,0.0,0.0,0.0,0.0,0.0,0.0,0.0,0.0,0.0,4.077194969165407,0.8,0.0,0.0,0.0,0.0,0.0,0.0,0.0,0.0,0.0,0.0,0.0
8.61,0.0,0.0,0.0,0.0,0.0,0.0,0.0,0.0,0.0,0.0,0.0,0.0,0.0,0.0,0.0,4.077194969165407,0.8,0.0,0.0,0.0,0.0,0.0,0.0,0.0,0.0,0.0,0.0,0.0
8.71,0.0,0.0,0.0,0.0,0.0,0.0,0.0,0.0,0.0,0.0,0.0,0.0,0.0,0.0,0.0,4.077194969165407,0.8,0.0,0.0,0.0,0.0,0.0,0.0,0.0,0.0,0.0,0.0,0.0
8.815,0.0,0.0,0.0,0.0,0.0,0.0,0.0,0.0,0.0,0.0,0.0,0.0,0.0,0.0,0.0,4.077194969165407,0.8,0.0,0.0,0.0,0.0,0.0,0.0,0.0,0.0,0.0,0.0,0.0
8.915000000000001,0.0,0.0,0.0,0.0,0.0,0.0,0.0,0.0,0.0,0.0,0.0,0.0,0.0,0.0,0.0,4.077194969165407,0.8,0.0,0.0,0.0,0.0,0.0,0.0,0.0,0.0,0.0,0.0,0.0
9.02,0.0,0.0,0.0,0.0,0.0,0.0,0.0,0.0,0.0,0.0,0.0,0.0,0.0,0.0,0.0,4.077194969165407,0.8,0.0,0.0,0.0,0.0,0.0,0.0,0.0,0.0,0.0,0.0,0.0
9.120000000000001,0.0,0.0,0.0,0.0,0.0,0.0,0.0,0.0,0.0,0.0,0.0,0.0,0.0,0.0,0.0,4.077194969165407,0.8,0.0,0.0,0.0,0.0,0.0,0.0,0.0,0.0,0.0,0.0,0.0
9.225,0.0,0.0,0.0,0.0,0.0,0.0,0.0,0.0,0.0,0.0,0.0,0.0,0.0,0.0,0.0,4.077194969165407,0.8,0.0,0.0,0.0,0.0,0.0,0.0,0.0,0.0,0.0,0.0,0.0
9.325000000000001,0.0,0.0,0.0,0.0,0.0,0.0,0.0,0.0,0.0,0.0,0.0,0.0,0.0,0.0,0.0,4.077194969165407,0.8,0.0,0.0,0.0,0.0,0.0,0.0,0.0,0.0,0.0,0.0,0.0
9.43,0.0,0.0,0.0,0.0,0.0,0.0,0.0,0.0,0.0,0.0,0.0,0.0,0.0,0.0,0.0,4.077194969165407,0.8,0.0,0.0,0.0,0.0,0.0,0.0,0.0,0.0,0.0,0.0,0.0
9.535,0.0,0.0,0.0,0.0,0.0,0.0,0.0,0.0,0.0,0.0,0.0,0.0,0.0,0.0,0.0,4.077194969165407,0.8,0.0,0.0,0.0,0.0,0.0,0.0,0.0,0.0,0.0,0.0,0.0
9.64,0.0,0.0,0.0,0.0,0.0,0.0,0.0,0.0,0.0,0.0,0.0,0.0,0.0,0.0,0.0,4.077194969165407,0.8,0.0,0.0,0.0,0.0,0.0,0.0,0.0,0.0,0.0,0.0,0.0
9.745000000000001,0.0,0.0,0.0,0.0,0.0,0.0,0.0,0.0,0.0,0.0,0.0,0.0,0.0,0.0,0.0,4.077194969165407,0.8,0.0,0.0,0.0,0.0,0.0,0.0,0.0,0.0,0.0,0.0,0.0
9.85,0.0,0.0,0.0,0.0,0.0,0.0,0.0,0.0,0.0,0.0,0.0,0.0,0.0,0.0,0.0,4.077194969165407,0.8,0.0,0.0,0.0,0.0,0.0,0.0,0.0,0.0,0.0,0.0,0.0
9.950000000000001,0.0,0.0,0.0,0.0,0.0,0.0,0.0,0.0,0.0,0.0,0.0,0.0,0.0,0.0,0.0,4.077194969165407,0.8,0.0,0.0,0.0,0.0,0.0,0.0,0.0,0.0,0.0,0.0,0.0
10.055,0.0,0.0,0.0,0.0,0.0,0.0,0.0,0.0,0.0,0.0,0.0,0.0,0.0,0.0,0.0,4.077194969165407,0.8,0.0,0.0,0.0,0.0,0.0,0.0,0.0,0.0,0.0,0.0,0.0
10.16,0.0,0.0,0.0,0.0,0.0,0.0,0.0,0.0,0.0,0.0,0.0,0.0,0.0,0.0,0.0,4.077194969165407,0.8,0.0,0.0,0.0,0.0,0.0,0.0,0.0,0.0,0.0,0.0,0.0
10.265,0.0,0.0,0.0,0.0,0.0,0.0,0.0,0.0,0.0,0.0,0.0,0.0,0.0,0.0,0.0,4.077194969165407,0.8,0.0,0.0,0.0,0.0,0.0,0.0,0.0,0.0,0.0,0.0,0.0
10.370000000000001,0.0,0.0,0.0,0.0,0.0,0.0,0.0,0.0,0.0,0.0,0.0,0.0,0.0,0.0,0.0,4.077194969165407,0.8,0.0,0.0,0.0,0.0,0.0,0.0,0.0,0.0,0.0,0.0,0.0
10.475,0.0,0.0,0.0,0.0,0.0,0.0,0.0,0.0,0.0,0.0,0.0,0.0,0.0,0.0,0.0,4.077194969165407,0.8,0.0,0.0,0.0,0.0,0.0,0.0,0.0,0.0,0.0,0.0,0.0
10.575000000000001,0.0,0.0,0.0,0.0,0.0,0.0,0.0,0.0,0.0,0.0,0.0,0.0,0.0,0.0,0.0,4.077194969165407,0.8,0.0,0.0,0.0,0.0,0.0,0.0,0.0,0.0,0.0,0.0,0.0
10.68,0.0,0.0,0.0,0.0,0.0,0.0,0.0,0.0,0.0,0.0,0.0,0.0,0.0,0.0,0.0,4.077194969165407,0.8,0.0,0.0,0.0,0.0,0.0,0.0,0.0,0.0,0.0,0.0,0.0
10.785,0.0,0.0,0.0,0.0,0.0,0.0,0.0,0.0,0.0,0.0,0.0,0.0,0.0,0.0,0.0,4.077194969165407,0.8,0.0,0.0,0.0,0.0,0.0,0.0,0.0,0.0,0.0,0.0,0.0
10.89,0.0,0.0,0.0,0.0,0.0,0.0,0.0,0.0,0.0,0.0,0.0,0.0,0.0,0.0,0.0,4.077194969165407,0.8,0.0,0.0,0.0,0.0,0.0,0.0,0.0,0.0,0.0,0.0,0.0
10.995000000000001,0.0,0.0,0.0,0.0,0.0,0.0,0.0,0.0,0.0,0.0,0.0,0.0,0.0,0.0,0.0,4.077194969165407,0.8,0.0,0.0,0.0,0.0,0.0,0.0,0.0,0.0,0.0,0.0,0.0
11.1,0.0,0.0,0.0,0.0,0.0,0.0,0.0,0.0,0.0,0.0,0.0,0.0,0.0,0.0,0.0,4.077194969165407,0.8,0.0,0.0,0.0,0.0,0.0,0.0,0.0,0.0,0.0,0.0,0.0
11.200000000000001,0.0,0.0,0.0,0.0,0.0,0.0,0.0,0.0,0.0,0.0,0.0,0.0,0.0,0.0,0.0,4.077194969165407,0.8,0.0,0.0,0.0,0.0,0.0,0.0,0.0,0.0,0.0,0.0,0.0
11.305,0.0,0.0,0.0,0.0,0.0,0.0,0.0,0.0,0.0,0.0,0.0,0.0,0.0,0.0,0.0,4.077194969165407,0.8,0.0,0.0,0.0,0.0,0.0,0.0,0.0,0.0,0.0,0.0,0.0
11.41,0.0,0.0,0.0,0.0,0.0,0.0,0.0,0.0,0.0,0.0,0.0,0.0,0.0,0.0,0.0,4.077194969165407,0.8,0.0,0.0,0.0,0.0,0.0,0.0,0.0,0.0,0.0,0.0,0.0
11.515,0.0,0.0,0.0,0.0,0.0,0.0,0.0,0.0,0.0,0.0,0.0,0.0,0.0,0.0,0.0,4.077194969165407,0.8,0.0,0.0,0.0,0.0,0.0,0.0,0.0,0.0,0.0,0.0,0.0
11.620000000000001,0.0,0.0,0.0,0.0,0.0,0.0,0.0,0.0,0.0,0.0,0.0,0.0,0.0,0.0,0.0,4.077194969165407,0.8,0.0,0.0,0.0,0.0,0.0,0.0,0.0,0.0,0.0,0.0,0.0
11.725,0.0,0.0,0.0,0.0,0.0,0.0,0.0,0.0,0.0,0.0,0.0,0.0,0.0,0.0,0.0,4.077194969165407,0.8,0.0,0.0,0.0,0.0,0.0,0.0,0.0,0.0,0.0,0.0,0.0
11.825000000000001,0.0,0.0,0.0,0.0,0.0,0.0,0.0,0.0,0.0,0.0,0.0,0.0,0.0,0.0,0.0,4.077194969165407,0.8,0.0,0.0,0.0,0.0,0.0,0.0,0.0,0.0,0.0,0.0,0.0
11.93,0.0,0.0,0.0,0.0,0.0,0.0,0.0,0.0,0.0,0.0,0.0,0.0,0.0,0.0,0.0,4.077194969165407,0.8,0.0,0.0,0.0,0.0,0.0,0.0,0.0,0.0,0.0,0.0,0.0
12.030000000000001,0.0,0.0,0.0,0.0,0.0,0.0,0.0,0.0,0.0,0.0,0.0,0.0,0.0,0.0,0.0,4.077194969165407,0.8,0.0,0.0,0.0,0.0,0.0,0.0,0.0,0.0,0.0,0.0,0.0
12.135,0.0,0.0,0.0,0.0,0.0,0.0,0.0,0.0,0.0,0.0,0.0,0.0,0.0,0.0,0.0,4.077194969165407,0.8,0.0,0.0,0.0,0.0,0.0,0.0,0.0,0.0,0.0,0.0,0.0
12.24,0.0,0.0,0.0,0.0,0.0,0.0,0.0,0.0,0.0,0.0,0.0,0.0,0.0,0.0,0.0,4.077194969165407,0.8,0.0,0.0,0.0,0.0,0.0,0.0,0.0,0.0,0.0,0.0,0.0
12.345,0.0,0.0,0.0,0.0,0.0,0.0,0.0,0.0,0.0,0.0,0.0,0.0,0.0,0.0,0.0,4.077194969165407,0.8,0.0,0.0,0.0,0.0,0.0,0.0,0.0,0.0,0.0,0.0,0.0
12.450000000000001,0.0,0.0,0.0,0.0,0.0,0.0,0.0,0.0,0.0,0.0,0.0,0.0,0.0,0.0,0.0,4.077194969165407,0.8,0.0,0.0,0.0,0.0,0.0,0.0,0.0,0.0,0.0,0.0,0.0
12.555,0.0,0.0,0.0,0.0,0.0,0.0,0.0,0.0,0.0,0.0,0.0,0.0,0.0,0.0,0.0,4.077194969165407,0.8,0.0,0.0,0.0,0.0,0.0,0.0,0.0,0.0,0.0,0.0,0.0
12.655000000000001,0.0,0.0,0.0,0.0,0.0,0.0,0.0,0.0,0.0,0.0,0.0,0.0,0.0,0.0,0.0,4.077194969165407,0.8,0.0,0.0,0.0,0.0,0.0,0.0,0.0,0.0,0.0,0.0,0.0
12.76,0.0,0.0,0.0,0.0,0.0,0.0,0.0,0.0,0.0,0.0,0.0,0.0,0.0,0.0,0.0,4.077194969165407,0.8,0.0,0.0,0.0,0.0,0.0,0.0,0.0,0.0,0.0,0.0,0.0
12.865,0.0,0.0,0.0,0.0,0.0,0.0,0.0,0.0,0.0,0.0,0.0,0.0,0.0,0.0,0.0,4.077194969165407,0.8,0.0,0.0,0.0,0.0,0.0,0.0,0.0,0.0,0.0,0.0,0.0
12.97,0.0,0.0,0.0,0.0,0.0,0.0,0.0,0.0,0.0,0.0,0.0,0.0,0.0,0.0,0.0,4.077194969165407,0.8,0.0,0.0,0.0,0.0,0.0,0.0,0.0,0.0,0.0,0.0,0.0
13.075000000000001,0.0,0.0,0.0,0.0,0.0,0.0,0.0,0.0,0.0,0.0,0.0,0.0,0.0,0.0,0.0,4.077194969165407,0.8,0.0,0.0,0.0,0.0,0.0,0.0,0.0,0.0,0.0,0.0,0.0
13.18,0.0,0.0,0.0,0.0,0.0,0.0,0.0,0.0,0.0,0.0,0.0,0.0,0.0,0.0,0.0,4.077194969165407,0.8,0.0,0.0,0.0,0.0,0.0,0.0,0.0,0.0,0.0,0.0,0.0
13.280000000000001,0.0,0.0,0.0,0.0,0.0,0.0,0.0,0.0,0.0,0.0,0.0,0.0,0.0,0.0,0.0,4.077194969165407,0.8,0.0,0.0,0.0,0.0,0.0,0.0,0.0,0.0,0.0,0.0,0.0
13.385,0.0,0.0,0.0,0.0,0.0,0.0,0.0,0.0,0.0,0.0,0.0,0.0,0.0,0.0,0.0,4.077194969165407,0.8,0.0,0.0,0.0,0.0,0.0,0.0,0.0,0.0,0.0,0.0,0.0
13.49,0.0,0.0,0.0,0.0,0.0,0.0,0.0,0.0,0.0,0.0,0.0,0.0,0.0,0.0,0.0,4.077194969165407,0.8,0.0,0.0,0.0,0.0,0.0,0.0,0.0,0.0,0.0,0.0,0.0
13.595,0.0,0.0,0.0,0.0,0.0,0.0,0.0,0.0,0.0,0.0,0.0,0.0,0.0,0.0,0.0,4.077194969165407,0.8,0.0,0.0,0.0,0.0,0.0,0.0,0.0,0.0,0.0,0.0,0.0
13.700000000000001,-0.028469215361097026,0.007330382858376184,0.6981317007977318,-1.599864546728635,-27.01806817260818,-111.43782326730899,5.0,-0.3262331772479743,-0.7122021058729517,0.00036168135718918923,0.017254264079180907,0.0227354565492486,0.0,0.0,0.0,4.077194969165407,0.8,137.2903888748003,-148.0633619270204,14.287402606255892,-6.716359329300507,-8.620632443960861,25.330218732414014,0.2,0.2,0.2,0.2,0.2
13.805,-0.03449832722857602,0.02932153143350475,0.6981317007977318,0.21017313430574316,-8.337688293159562,-33.82624225589488,3.29109143005539,-0.39532171009173117,0.5941717342561905,0.0047471695610588685,0.00677288912753401,0.04297722722133863,0.0,0.0,0.0,4.077194969165407,0.8,-44.46319195408124,5.502269388226267,1.9230319773414681,-1.0946453690367373,-5.188086873640083,2.426564676768012,0.2,0.2,0.2,0.2,0.2
13.905000000000001,-0.004557057652459922,0.05026548245743666,0.6981317007977318,0.1273263787857084,-4.865394316089953,-19.735300125539354,5.0,-0.05222003409674964,0.5994293532804927,0.008433372027385453,0.01760013278670169,0.024047039368587708,0.0,0.0,0.0,4.077194969165407,0.8,-50.5846973387022,45.27263082732949,-31.067935848632526,-2.2512899225103706,2.019604753208715,-4.975767171988033,0.2,0.2,0.2,0.2,0.2
14.01,0.036252555029070134,0.07225663103256522,0.6981317007977318,0.2610113390480735,-2.432085298832754,-9.707276873743591,0.038782832145809215,0.41542367994629725,0.6864489896504018,0.011267790049784435,0.024660608136430288,0.05037669294391823,0.0,0.0,0.0,4.077194969165407,0.8,-60.395409573656124,87.34224090059764,-26.121055335159372,1.5283712476645035,9.228655660930439,-14.213560159747628,0.2,0.2,0.2,0.2,0.2
14.115,0.07386562410569247,0.09424777960769386,0.6981317007977318,0.3149704366363481,1.6988305428052082,7.178439691899011,-2.580515641836294,0.8464377024711949,0.8096014560922433,0.013041287862130255,0.026344855481537966,0.07920795655728892,0.0,0.0,0.0,4.077194969165407,0.8,-64.19365992844912,102.95440615117064,-15.40732556893683,6.184212047241279,14.434925774314078,-20.157479322279745,0.2,0.2,0.2,0.2,0.2
14.22,0.11025734318422892,0.1162389281828225,0.6981317007977318,0.25435614743595397,0.6667779254511096,2.922068521148574,-1.69215847433197,1.263456084956366,0.879685445555054,0.013838307303166562,0.02721836915230428,0.10177551113645822,0.0,0.0,0.0,4.077194969165407,0.8,-62.04634111639923,104.81005955845005,-9.145913785531762,10.69227567693217,17.737429524765282,-22.64972095360921,0.2,0.2,0.2,0.2,0.2
14.325000000000001,0.14576741358919285,0.13823007675795096,0.6981317007977318,0.21090430343747132,-0.7986916645792892,-3.0876981939870456,-0.9635911850396792,1.6703715178397347,1.7973154201881647,0.013750431426685266,0.027634671856434454,0.11708732382247529,0.0,0.0,0.0,4.077194969165407,0.8,-60.45970388202671,104.37902806586834,-6.172596280745258,14.694918333209657,19.215585908863222,-23.874251042606925,3.7112587686328915e-06,3.7112587686328915e-06,0.39020035357253613,0.025642803430384102,0.5841494204795427
14.43,0.18007161727213897,0.1602212253330793,0.6981317007977318,0.20978152805345326,-0.7195808237536667,-2.7660460920735868,-2.2360155703214164,2.0634687359577244,-0.1050442966765281,0.012863143792499025,0.027390193893806546,0.12573516770375015,0.0,0.0,0.0,4.077194969165407,0.8,-60.69589158674893,103.23703452845433,-5.477056304731166,17.771032325469267,19.100912518876466,-24.677127691636418,0.3866118061017617,0.58978248616054,0.00019334970730338374,0.012176991106213758,0.011235366924181136
14.530000000000001,0.21128641154526798,0.18116517635701107,0.6981317007977318,0.22767945225377897,0.6465541602410027,2.818270931230604,-3.164042874805025,2.421163930001609,1.0523752448638233,0.011349405328900938,0.026498492875471062,0.1287359204219436,0.0,0.0,0.0,4.077194969165407,0.8,-61.14345042191903,100.58821943774858,-6.259809485171718,19.630591202459346,17.835677410806348,-25.081899442121298,0.2,0.2,0.2,0.2,0.2
14.635,0.2428332637682605,0.20315632493213942,0.6981317007977318,0.183344850542077,-0.3146609635411366,-1.136258217109,-2.6866035227717275,2.782664227861683,1.0526920534266804,0.00912446257106756,0.025346237936775547,0.12794743111315163,0.0,0.0,0.0,4.077194969165407,0.8,-56.56103224463108,93.686508924388,-8.307640558336512,20.48506759337686,15.778959943817588,-24.315283999907862,0.2,0.2,0.2,0.2,0.2
14.74,0.27369760874475124,0.22514747350726777,0.6981317007977318,0.20169874751835978,0.31202247454509335,1.4335354614964837,-3.6222221940887716,3.1363435687794277,1.0852947859621442,0.0063270958814834995,0.024402082597158103,0.12445984368287966,0.0,0.0,0.0,4.077194969165407,0.8,-57.89433313178286,89.82634362507683,-11.160487476457503,20.599951991947716,13.611670545655924,-24.05248712218798,0.2,0.2,0.2,0.2,0.2
14.845,0.30366291403481827,0.24713862208239612,0.6981317007977318,0.18650227252093043,0.1043114924396458,0.5745001102178036,-3.683934145825814,3.4797206737678037,1.0785709319858847,0.0030008275120117513,0.023486057150218367,0.11925236740929607,0.0,0.0,0.0,4.077194969165407,0.8,-56.550552347977245,84.44055861342844,-14.463106714955678,19.985586152233267,11.385779954486878,-23.23912377522707,0.2,0.2,0.2,0.2,0.2
14.950000000000001,0.3329226923211476,0.26912977065752447,0.6981317007977318,0.17609727597147923,-0.11978399936372067,-0.34750489881509083,-3.8651922331240414,3.8150130348268436,1.0633269304392,-0.0008051596879766895,0.022708842674592167,0.11314410170074196,0.0,0.0,0.0,4.077194969165407,0.8,-55.9898319679203,79.60275289158031,-17.644831535112505,18.959364274906882,9.37152424945976,-22.36272334577242,0.2,0.2,0.2,0.2,0.2
15.055,0.3615534767131631,0.2911209192326528,0.6981317007977318,0.17301221188405935,-0.1175451671845292,-0.3408447947872217,-4.234571847480259,4.1430976567891475,1.0444858083536046,-0.005046445493750263,0.022107303211368896,0.1067227857133726,0.0,0.0,0.0,4.077194969165407,0.8,-56.490427672893496,75.51491256329203,-20.601158587121322,17.701408481315255,7.672118256672584,-21.514063348798278,0.2,0.2,0.2,0.2,0.2
15.155000000000001,0.3861547395806614,0.3120648702565846,0.6981317007977318,0.12716995859635274,-0.2983710191327492,-1.1147808512757185,-4.811829523701779,4.42500736338906,0.97228215867985,-0.009410197704742473,0.020624150170951858,0.09941973457125346,0.0,0.0,0.0,4.077194969165407,0.8,-50.58869723592695,68.34659583789067,-21.817729089896233,16.242009916170552,5.94759863645129,-19.910942175725125,0.2,0.2,0.2,0.2,0.2
15.26,0.40908514421326225,0.33405601883171293,0.6981317007977318,0.1090299156760033,-0.14673995905211717,-0.5110634902820274,-4.622246553693066,4.687770444984112,0.9206796041664299,-0.014116069765259158,0.018972577286473186,0.09100061652363366,0.0,0.0,0.0,4.077194969165407,0.8,-47.808168755842395,61.560169467977225,-21.34378980022491,14.654875164965338,4.458548746869961,-18.38916095983411,0.2,0.2,0.2,0.2,0.2
15.365,0.43265489760730586,0.3560471674068413,0.6981317007977318,0.2048539543480091,2.389161465065394,9.904960269366885,-5.0,4.957859923712681,0.9964445720699979,-0.01886477760393454,0.01894509165832907,0.08424259270067135,0.0,0.0,0.0,4.077194969165407,0.8,-59.09752301181134,61.86573970518431,-22.829741982805064,13.305867044488238,3.94108480298191,-18.542526150501356,0.2,0.2,0.2,0.2,0.2
15.47,0.45052827700609743,0.37803831598196963,0.6981317007977318,-0.0802515113814811,-4.896633719265083,-20.028731575138476,3.7812165714231663,0.0,-0.10378607950041124,-0.0236383552410007,0.01625379407561426,0.07542050332701793,0.0,0.0,0.0,4.077194969165407,0.8,-27.395448149621338,46.199666225298586,-21.878836848423493,11.56618757178335,2.1911357868272794,-13.480785470265733,0.2,0.2,0.2,0.2,0.2
15.575000000000001,0.46753273296003933,0.400029464557098,0.6981317007977318,0.10642081538011319,0.9346408430091433,3.8958495953974848,-1.9527009145899181,0.0,0.8388452714697764,-0.02800591440726488,0.015275528512354081,0.06807648095835585,0.0,0.0,0.0,4.077194969165407,0.8,-45.630488952517034,46.534491643192354,-19.097020025039228,10.345545821656849,2.0750780615578996,-14.44236339160207,0.2,0.2,0.2,0.2,0.2
15.68,0.4837833016468186,0.42202061313222633,0.6981317007977318,0.09568759493301784,2.0020575423208458,8.239329015476626,-0.8776662202983815,0.0,0.7950859262573418,-0.032048005196302944,0.014741242465730194,0.0615301033184772,0.0,0.0,0.0,4.077194969165407,0.8,-44.081337118011476,43.77641293898074,-20.305237766568947,9.081504307194175,1.6992922646307533,-13.309673226498,0.2,0.2,0.2,0.2,0.2
15.780000000000001,0.5013828440312833,0.4429645641561581,0.6981317007977318,0.03313663639710083,-1.6075472785079579,-6.527774367510506,1.0811560480267501,0.0,0.1884539593249321,-0.035660998696635256,0.01550008473391189,0.057923026508524274,0.0,0.0,0.0,4.077194969165407,0.8,-41.42440453710308,42.67544077890532,-22.544044928683075,8.27467236045298,1.826465359508749,-11.794432898699489,0.2,0.2,0.2,0.2,0.2
15.885,0.5197479487024678,0.46495571273128644,0.6981317007977318,0.09091753083560694,0.24607442725730078,1.076027441522211,-0.5642912824039724,0.0,-0.8037126655066608,-0.039209180680346095,0.015854028439940018,0.05492061002030357,0.0,0.0,0.0,4.077194969165407,0.8,-48.49551500726511,43.69218596503946,-23.644795344364187,7.652402045758239,2.0111301219646482,-11.970186986316893,0.0003379674175471637,0.9983715475850782,0.0003379674175471637,0.0006145501622803072,0.0003379674175471637
15.985000000000001,0.5372755419796899,0.4858996637552182,0.6981317007977318,0.10017800581402514,0.9727245471869046,4.046130034825366,-0.7944169153347357,0.0,0.37435032972821203,-0.04238399966103286,0.01608085642356336,0.05264947481986378,0.0,0.0,0.0,4.077194969165407,0.8,-50.66108905468114,43.65499197874773,-24.70938576340419,7.169681225571796,2.0573807547429794,-11.726083749540653,0.2,0.2,0.2,0.2,0.2
16.09,0.5564857401858052,0.5078908123303469,0.6981317007977318,0.07559619834315552,-0.32009523010000696,-1.2446137031430673,0.4535627459288145,0.0,1.5410315132593397,-0.045536316148544025,0.01667553169113076,0.05123775818249361,0.0,0.0,0.0,4.077194969165407,0.8,-50.935529392996784,43.72285449926147,-26.21153504807759,6.834862539374173,2.2251082272071203,-11.101893589236543,3.9028405866962016e-06,3.9028405866962016e-06,0.10829892720452214,3.9028405866962016e-06,0.8916893642737177
16.19,0.5753670860338859,0.5288347633542798,0.6981317007977318,0.08386504016871298,-0.7044624557100622,-2.8051387482520034,0.2217919761954313,0.0,0.7567974293167244,-0.04838626933994259,0.01738850573199318,0.050498870130361265,0.0,0.0,0.0,4.077194969165407,0.8,-54.62093638234732,44.679609185011415,-27.644877956375993,6.645822520454366,2.505167653766345,-10.96406898338981,0.1302568448359607,0.1302568448359607,0.1302568448359607,0.1302568448359607,0.4789726206561571
16.295,0.595149346700093,0.5508259119294093,0.6981317007977318,0.1150668406794872,0.36332207414550455,1.5733884054363818,-0.657490239480952,0.0,-0.7621761882202298,-0.05123432730432079,0.017906628350944965,0.04975316710402816,0.0,0.0,0.0,4.077194969165407,0.8,-59.79166085836853,45.69349816912852,-28.903550026446656,6.4987848113270426,2.7115779371407434,-11.167783618693282,0.03403498078817134,0.03403498078817134,0.03403498078817134,0.8638600768473147,0.03403498078817134
16.4,0.6148986586761369,0.5728170605045388,0.6981317007977318,0.12612188579127773,0.9924790714426555,4.147428185720972,-0.8678683470039502,0.0,0.32012150698941144,-0.05394668714307025,0.01832609592871708,0.04904271708420581,0.0,0.0,0.0,4.077194969165407,0.8,-62.86589496457633,46.23321376246022,-30.07986377111538,6.385526641737743,2.82381740046871,-11.146312360873582,0.2,0.2,0.2,0.2,0.2
16.5,0.6338291430800221,0.5937610115284717,0.6981317007977318,0.09859126740096946,0.03135742149514453,0.20672333508677804,0.6654343892006432,0.0,0.010939039417954672,-0.056413369512283366,0.01879537359387715,0.04850695893782198,0.0,0.0,0.0,4.077194969165407,0.8,-62.63301231907828,46.41707667604027,-31.301578459714833,6.311722116776991,2.88646729889292,-10.65873038926008,0.98225493516583,0.007597934562735971,0.008396515040612562,1.1907351554111315e-05,0.0017387078792674617
16.6,0.6534346434171593,0.6147049625524046,0.6981317007977318,0.08991409894117935,-0.993230745379116,-3.977664119127196,0.9185619073800063,0.0,0.22873572799749783,-0.05877970908635823,0.01963100027770099,0.048458246575203166,0.0,0.0,0.0,4.077194969165407,0.8,-65.4265950016295,47.43521996038251,-32.90629523117143,6.305909382994105,3.161325500954198,-10.389780436535151,0.2,0.2,0.2,0.2,0.2
16.705000000000002,0.6739168426057296,0.6366961111275341,0.6981317007977318,0.12230941374405371,-0.12102648588886133,-0.3956010484065906,-0.6674137534427071,0.0,-0.11426527237441375,-0.06115784126607593,0.020347746182957732,0.04828114375285524,0.0,0.0,0.0,4.077194969165407,0.8,-71.7200900066512,48.57622192558731,-34.35457675595644,6.309118124986693,3.4309558152778203,-10.663469988349275,0.5712831091575691,0.42862154748167014,3.3207425038708265e-06,8.870187575319265e-05,3.3207425038708265e-06
16.81,0.6941800056118292,0.6586872597026636,0.6981317007977318,0.1498562473037346,1.3673159168283733,5.694698575195417,-1.1802546251638033,0.0,0.3076441268103887,-0.06343757844041807,0.020889477104581233,0.04789909307517584,0.0,0.0,0.0,4.077194969165407,0.8,-76.8345608158201,49.52235222642099,-35.82721702552037,6.322463534770727,3.58617557757472,-10.90110787449018,0.2,0.2,0.2,0.2,0.2
16.91,0.7135730245321078,0.6796312107265965,0.6981317007977318,0.09601867819920903,-0.5495174579566773,-2.1636748724901604,0.7800931654694695,0.0,1.4894625019716468,-0.06552504963260905,0.02156886337931535,0.04769450289014129,0.0,0.0,0.0,4.077194969165407,0.8,-75.12393220533612,50.20536862648809,-37.418235323089675,6.361364265908311,3.660551566628097,-10.116250655501243,0.02585193454082449,0.02585193454082449,0.02585193454082449,0.02585193454082449,0.8965922618367019
17.01,0.7336791432945843,0.6981317007977318,0.6981317007977318,0.09810889910246429,-1.3652349173476102,-5.487841817456655,-5.0,0.0,0.07297394199041522,-0.0675500686251051,0.02266881754878409,0.04801278078976669,0.0,0.0,0.0,4.077194969165407,0.8,-80.12005582224738,51.69774289876855,-39.41908926730473,6.444790127826133,4.096996433227229,-9.957929687337629,0.27649398755233695,0.6429340859422575,0.07101879273626124,4.6708952219275666e-05,0.00950642481692506
17.115000000000002,0.7353948242070757,0.6981317007977318,0.6981317007977318,-0.08337643357319566,1.5584865130844003,6.287552223801298,0.1082463624073258,0.0,-0.7176846199099867,-0.06985872079607539,0.01448965854374885,0.037586218591962144,0.0,0.0,0.0,4.077194969165407,0.8,-38.62021943830068,33.099392461430575,-25.03297694741263,5.559948552456482,1.237955948540214,-6.638558425127317,0.2,0.2,0.2,0.2,0.2
17.22,0.7384963007603123,0.6981317007977318,0.6981317007977318,-0.14140881823828721,-2.2269067033908643,-9.192659862456582,1.5076939805505736,0.0,-0.812787543235926,-0.0723375811407016,0.010730574451186548,0.03144839968250659,0.0,0.0,0.0,4.077194969165407,0.8,-26.301220782415527,20.881409808059264,-14.91200593530677,4.510633792050567,1.1476175959625334,-4.461678453785684,0.2,0.2,0.2,0.2,0.2
17.32,0.7402222070416528,0.6981317007977318,0.6981317007977318,-0.07068651431063017,0.6671108115682723,2.6633916333535077,-0.9526190326335973,0.0,-0.6808791036832671,-0.07480732311587389,0.00816992682232218,0.025782265992874136,0.0,0.0,0.0,4.077194969165407,0.8,-23.770812430229803,16.051227635321514,-11.031740558875056,3.721455724804512,1.0568319260112977,-4.138959774511969,0.2,0.2,0.2,0.2,0.2
17.42,0.7410518273822347,0.6981317007977318,0.6981317007977318,-0.0997579735671289,0.34539784896004233,1.3284479932867346,0.25542499098216426,0.0,-1.5491419724213893,-0.07736307783332834,0.006171584318291761,0.020960800604626517,0.0,0.0,0.0,4.077194969165407,0.8,-14.487450883631467,11.819333045136053,-7.89338732661499,3.0235528455243736,0.6049385184538146,-2.96446055852065,0.03086976610689571,0.009829315232386128,0.05528979733731291,0.14268385113282267,0.7613272701905826
17.525000000000002,0.7419909615960499,0.6981317007977318,0.6981317007977318,-0.12371325979661435,-0.7903270915122336,-3.3212882493460985,0.7338143319774837,0.0,-0.7877777164633186,-0.08010732788339625,0.004984185871169651,0.01729871206329171,0.0,0.0,0.0,4.077194969165407,0.8,-8.845537210049539,8.407509847505136,-5.471723930864398,2.3895436239350145,0.4437720592357238,-1.9770153874006398,0.2,0.2,0.2,0.2,0.2
17.63,0.7427650154342068,0.6981317007977318,0.6981317007977318,-0.11409467610063383,-0.6306944403947592,-2.662739940338611,0.4687099819753307,0.0,-0.7729798067687341,-0.08289570028728159,0.004217338456986318,0.014472989260968601,0.0,0.0,0.0,4.077194969165407,0.8,-7.247916935653054,6.275459178272377,-3.995992173636587,1.8770832327230376,0.40896144086175046,-1.5501056216222038,0.2,0.2,0.2,0.2,0.2
17.73,0.7431732934215552,0.6981317007977318,0.6981317007977318,-0.09213619787757502,0.3961211552119347,1.5413542229080295,-0.534355638886225,0.0,-1.709728264486107,-0.08558138303511174,0.00357933167484552,0.012260388412539354,0.0,0.0,0.0,4.077194969165407,0.8,-7.1082475538677965,4.7255062931352905,-2.9053052927781673,1.4789543454354122,0.3291630282617247,-1.4566636933705919,4.982338069838213e-06,4.982338069838213e-06,4.982338069838213e-06,0.5402504731845145,0.459734579801276
17.830000000000002,0.7433550010862933,0.6981317007977318,0.6981317007977318,-0.09149768203721374,0.68460840116336,2.718083783441853,-0.6669533361747296,0.0,-0.731596266476004,-0.08828821363397228,0.0030611404416663033,0.010484010161317451,0.0,0.0,0.0,4.077194969165407,0.8,-5.437019981610556,3.4442278240592645,-2.0356475516194417,1.1553802544061038,0.2056277334792337,-1.1923830267205022,0.2,0.2,0.2,0.2,0.2
17.935,0.7435554770517161,0.6981317007977318,0.6981317007977318,-0.1108271790875184,0.06818425319852267,0.1893387508473022,0.19930037351440444,0.0,-0.05221062590134519,-0.0911501521732267,0.0027321884763589588,0.00911999183518346,0.0,0.0,0.0,4.077194969165407,0.8,-2.516582202520313,2.5576353063422355,-1.509649109572247,0.8942189002030689,0.11043609856961265,-0.7126081144663401,0.5996645035529347,0.2709778967670462,0.1293537289460797,1.935366969625369e-06,1.935366969625369e-06
18.035,0.7437878592058412,0.6981317007977318,0.6981317007977318,-0.12504344384007,-0.6886640349822898,-2.9078522939469975,0.6279600126068572,0.0,-0.788567543130457,-0.09388774610606948,0.0025913789846125335,0.00823739760180979,0.0,0.0,0.0,4.077194969165407,0.8,-0.7374564300524469,1.9262998205740143,-1.1445437405701364,0.6987353296966692,0.08871316462458237,-0.3507089659857934,0.2,0.2,0.2,0.2,0.2
18.135,0.7441089825816111,0.6981317007977318,0.6981317007977318,-0.09977113829880176,-0.0010620441202849884,-0.08414707158329907,-0.570294451304347,0.0,-0.11593015316931575,-0.09663302426984756,0.002560654499039948,0.007671271547719834,0.0,0.0,0.0,4.077194969165407,0.8,-2.89131774993184,1.5653662159133748,-0.9119865461150034,0.5439563829398913,0.16672396987193577,-0.5291991107247667,0.4573325169256899,0.14854762200819938,0.39293664663568506,0.00020709952690724557,0.0009761149035184222
18.240000000000002,0.7441140562414981,0.6981317007977318,0.6981317007977318,-0.08747249494659594,0.7447260828940621,2.966415442624653,-0.705779034916081,0.0,-0.7223498908355442,-0.09952312273944972,0.0023436510131681727,0.007016325702299517,0.0,0.0,0.0,4.077194969165407,0.8,-3.226392722146654,1.146008341568338,-0.6244016327053654,0.4133833855201212,0.11378171122732846,-0.5918432967452691,0.2,0.2,0.2,0.2,0.2
18.345,0.7440377593901084,0.6981317007977318,0.6981317007977318,-0.10569475839881681,0.33496536958244827,1.2811633129871358,0.2089024648705273,0.0,-1.4960637971225368,-0.10242043755994903,0.0021522014284541514,0.0064798751531660375,0.0,0.0,0.0,4.077194969165407,0.8,-0.8845304089306438,0.783499903508994,-0.4180865812225583,0.31508004134069695,0.010130437768929551,-0.29365087176701987,0.02894662072604574,0.010354897033757977,0.10509400373650069,0.15702972191970874,0.6985747565839868
18.445,0.7440714365462655,0.6981317007977318,0.6981317007977318,-0.12412446808121996,-0.49027151081012754,-2.0982321118651512,0.5869919558273249,0.0,-0.787102791975719,-0.10518166046558668,0.0021230417643540926,0.0062127086531333295,0.0,0.0,0.0,4.077194969165407,0.8,0.8999647662397923,0.5265914368669196,-0.2859501805719439,0.24221682698516928,-0.017117100530770563,0.004116195760050179,0.2,0.2,0.2,0.2,0.2
18.545,0.7443210228060669,0.6981317007977318,0.6981317007977318,-0.11187295487316166,-0.4385759687424038,-1.877658097251903,0.20337868074919652,0.0,-0.7684955853762809,-0.10794422168127982,0.0022484729311422957,0.00619252244095531,0.0,0.0,0.0,4.077194969165407,0.8,-0.5982863664329194,0.5132355465479095,-0.3032222296481947,0.1890847559402069,0.08454347945285517,-0.0838653520426027,0.2,0.2,0.2,0.2,0.2
18.650000000000002,0.744312944660258,0.6981317007977318,0.6981317007977318,-0.09145056351509004,0.4690517128515421,1.8392548331046525,-0.5845065596420645,0.0,-1.7074433364681094,-0.11084513260756515,0.0021647892722899717,0.005984308971235504,0.0,0.0,0.0,4.077194969165407,0.8,-2.1479465689529036,0.37876801352911177,-0.18515624895318777,0.13975510366073243,0.08624488309741457,-0.3153457273311868,4.666581592900364e-05,4.666581592900364e-05,4.666581592900364e-05,0.5254453933340159,0.4744146092181971
18.755,0.744110012408899,0.6981317007977318,0.6981317007977318,-0.09718862635185635,0.6548434902591813,2.5921736829939652,-0.5144193187564131,0.0,-1.332048028867482,-0.11374671123969421,0.0019772474556255916,0.005675679112784318,0.0,0.0,0.0,4.077194969165407,0.8,-0.9738216162530584,0.16373311945540248,-0.03352047909975864,0.10015492914306455,-0.012014741709050763,-0.23363772403261818,0.07744948218543045,0.07744948218543045,0.07744948218543045,0.2975245474105315,0.47012700603317714
18.855,0.7440751039502642,0.6981317007977318,0.6981317007977318,-0.1227233040922499,-0.3719382521671325,-1.6146434138498071,0.5178638451670011,0.0,-0.7851102700011191,-0.11650985567086414,0.0019790032329670246,0.0055893673348554615,0.0,0.0,0.0,4.077194969165407,0.8,1.3485915880080839,0.07161854799572226,-0.019000888388430684,0.07588503758494888,-0.05153683421129821,0.11404504913200553,0.2,0.2,0.2,0.2,0.2
18.955000000000002,0.7442552626541223,0.6981317007977318,0.6981317007977318,-0.12155367410098575,-0.7601829337864854,-3.196656972560447,0.3798276715140589,0.0,-0.7833151850570297,-0.11927139056329965,0.002130997764316695,0.0057074386960736,0.0,0.0,0.0,4.077194969165407,0.8,0.7403160146256713,0.12769477817185038,-0.086926971273873,0.05951639888005668,0.034954692762932726,0.136816446647831,0.2,0.2,0.2,0.2,0.2
19.06,0.7442173336043568,0.6981317007977318,0.6981317007977318,-0.0990260915626638,0.20297224459168273,0.7483365412792883,-0.6212672638772357,0.0,-1.7046414054985866,-0.12216820179987717,0.0020782557890835513,0.005623806727996997,0.0,0.0,0.0,4.077194969165407,0.8,-1.108668948918604,0.0813004026927302,-0.02166729556097588,0.0396682031771987,0.053711805300137555,-0.13898575065207885,2.1708427667098244e-05,9.283383886604887e-06,0.0003023008475010117,0.31944689074113025,0.680219816599815
19.16,0.744016053075171,0.6981317007977318,0.6981317007977318,-0.09021134845625436,0.8505339313201699,3.395623587118069,-0.8170970946295628,0.0,-0.7284446496944563,-0.12492347833665124,0.0019330821768326254,0.005437498799393774,0.0,0.0,0.0,4.077194969165407,0.8,-1.4213007404907607,-0.08198928280204021,0.13124740313905867,0.01972566950421894,-0.005406387121069205,-0.2596013072476375,0.2,0.2,0.2,0.2,0.2
19.26,0.7439146445213316,0.6981317007977318,0.6981317007977318,-0.1200902701483421,-0.21722355626988077,-0.9817350069264502,0.4509858008448747,0.0,-0.5210587480236738,-0.1276793216958826,0.0019063130193643697,0.005361617838011611,0.0,0.0,0.0,4.077194969165407,0.8,1.398117525557618,-0.11091593812977685,0.09503928994491839,0.013907466533289498,-0.06862108962629726,0.12734976784767627,0.4514592088349763,0.14869152022270626,0.13328309031410582,0.13328309031410582,0.13328309031410582
19.365000000000002,0.7440501515352669,0.6981317007977318,0.6981317007977318,-0.12515039454649715,-0.7429948548295559,-3.1294551998640445,0.5324432907645618,0.0,-0.7885553304435051,-0.13057099769406538,0.002040316330124611,0.0054888387679436264,0.0,0.0,0.0,4.077194969165407,0.8,1.397731889190208,-0.020768902302036873,0.0012037921146924903,0.011881134007019031,-0.013040033511221618,0.20700190253580697,0.2,0.2,0.2,0.2,0.2
19.47,0.7440486789926692,0.6981317007977318,0.6981317007977318,-0.11635440766295718,-0.5328144730511548,-2.265472015153051,0.39162326402680947,0.0,-0.7757021643022273,-0.13345883769681688,0.0020693073478192437,0.005517596865696786,0.0,0.0,0.0,4.077194969165407,0.8,0.5046040883947018,-0.05332071757229617,0.03349181018020587,0.0041804240436069725,0.029224571877020933,0.11553641327571373,0.2,0.2,0.2,0.2,0.2
19.57,0.743974068803151,0.6981317007977318,0.6981317007977318,-0.08866806685278167,0.7234249616622908,2.878610160775944,-0.6612876915638093,0.0,-0.7251024390211086,-0.13620558984018288,0.0019992325201508747,0.005447158296871488,0.0,0.0,0.0,4.077194969165407,0.8,-1.7548605694588328,-0.06593444769578449,0.09271378550488317,-0.004552426302812089,0.03963182233748972,-0.24453482945679794,0.2,0.2,0.2,0.2,0.2
19.67,0.7437599673833973,0.6981317007977318,0.6981317007977318,-0.11025733640995847,0.231937302315371,0.85744773303406,0.33470838178311324,0.0,-0.08933011730936528,-0.13895304525138616,0.0018653878648566787,0.005275657688360209,0.0,0.0,0.0,4.077194969165407,0.8,0.6552336840180111,-0.1528421585419844,0.13136212566618627,-0.007340341750049208,-0.06741773597657948,0.01559305232601993,0.5931536705795081,0.1655269161011212,0.24085917204510196,6.674655233073168e-05,0.0003934947219382828
19.775000000000002,0.7438241743693859,0.6981317007977318,0.6981317007977318,-0.12579532405916455,-0.5904908978905122,-2.5081827774644925,0.610196280734725,0.0,-0.7895918553019396,-0.1418366349389778,0.0019606771811501397,0.005364690084728739,0.0,0.0,0.0,4.077194969165407,0.8,1.7276364047586963,-0.11031292481214944,0.06571250638036702,-0.005193228840260739,-0.05244030181528204,0.21836761593819554,0.2,0.2,0.2,0.2,0.2
19.88,0.743951480999982,0.6981317007977318,0.6981317007977318,-0.12075439533029687,-0.7132383307087582,-3.0046152500459193,0.35438171493259285,0.0,-0.7823408027725218,-0.1447173471447657,0.002087641368231817,0.005506059478674456,0.0,0.0,0.0,4.077194969165407,0.8,0.8443768179569044,-0.025946012840444455,-0.003807859890021692,-0.003933937835633531,0.02294659031629806,0.1714217380758929,0.2,0.2,0.2,0.2,0.2
19.98,0.7438687740796762,0.6981317007977318,0.6981317007977318,-0.09592998024022134,0.4334277617082527,1.6904255053413337,-0.48024621246291965,0.0,-1.708179250265422,-0.14745814364742704,0.0020086246478934994,0.005435032938066915,0.0,0.0,0.0,4.077194969165407,0.8,-1.1272224153062496,-0.047945166722326016,0.05703474944479148,-0.009056026022307226,0.03276100316429281,-0.1450829785283454,8.417561886210298e-06,8.417561886210298e-06,8.417561886210298e-06,0.4419960738877884,0.5579786734265529
20.080000000000002,0.7436315416341696,0.6981317007977318,0.6981317007977318,-0.09843888537012196,0.6249934916739119,2.469469211717898,-0.2808322065651413,0.0,-1.7027353554234401,-0.15019460562071912,0.001870711079365656,0.0052763510325552565,0.0,0.0,0.0,4.077194969165407,0.8,-0.44648614656813024,-0.22231555351551924,0.20793471621770115,-0.018039663115214995,-0.042883064536588196,-0.1290659803057923,0.0010320356407793865,0.0010320356407793865,0.0010320356407793865,0.37497722189837596,0.6219266711792859
20.185,0.7435121908062434,0.6981317007977318,0.6981317007977318,-0.11787479930317607,-0.022129546794258992,-0.18452631630200408,0.372016819703198,0.0,-0.010912746988118206,-0.15306528202042838,0.0018426399468920507,0.005224537041273626,0.0,0.0,0.0,4.077194969165407,0.8,1.4321280463501669,-0.23644079595864947,0.18456850923786614,-0.018288976798072055,-0.09091612762392838,0.11784554739257014,0.7066252938043877,0.2822440618522887,0.011104778070605252,1.2933136359160152e-05,1.2933136359160152e-05
20.285,0.7436974421771799,0.6981317007977318,0.6981317007977318,-0.1247454022376374,-0.7566026536389132,-3.184612854863884,0.5363755256994397,0.0,-0.7882059500313465,-0.1557980905934718,0.002028750964314908,0.0054254498759126035,0.0,0.0,0.0,4.077194969165407,0.8,1.4233827994109838,-0.08093494533610768,0.03231469749833077,-0.01103331049629593,-0.0077931698288449015,0.22537587578121165,0.2,0.2,0.2,0.2,0.2
20.385,0.7437304736283622,0.6981317007977318,0.6981317007977318,-0.09309858862049449,0.41284299005508485,1.6087624912114007,-0.5359962610928932,0.0,-1.7039651616595608,-0.1585268972356576,0.002046317624030216,0.005468461891323278,0.0,0.0,0.0,4.077194969165407,0.8,-1.5154927908326687,-0.05270038968813534,0.06315245830933224,-0.014388739280811351,0.055795964986099386,-0.17563960573871662,7.611036860665995e-06,7.611036860665995e-06,7.611036860665995e-06,0.4498001701944163,0.5501769966950016
20.490000000000002,0.7435523176574946,0.6981317007977318,0.6981317007977318,-0.0911759412488776,0.820762205406612,3.273466781765841,-0.767647141684341,0.0,-0.7307940792890613,-0.1613912295077098,0.0019204062563484034,0.005328482441112427,0.0,0.0,0.0,4.077194969165407,0.8,-1.267867919127827,-0.12476789263665405,0.13439222112412574,-0.017585173810004438,-0.01086082722027957,-0.22090070746513701,0.2,0.2,0.2,0.2,0.2
20.595,0.7434287361488751,0.6981317007977318,0.6981317007977318,-0.114207059148685,0.05421432538979176,0.12967672741700736,0.23641791693123612,0.0,-0.03814572790530757,-0.16425469058548278,0.0018771073607097401,0.0052645381340880905,0.0,0.0,0.0,4.077194969165407,0.8,0.9696779519207119,-0.17334262843426979,0.13484543624247966,-0.016114854336087354,-0.07041947496003298,0.07087463195387889,0.6346937456672952,0.2815867063505992,0.083715155622025,2.1961800403677184e-06,2.1961800403677184e-06
20.695,0.7435500100998854,0.6981317007977318,0.6981317007977318,-0.12551786466841688,-0.7458265463615955,-3.1412945344302408,0.5548685025506902,0.0,-0.7893745526703313,-0.1669792561622364,0.0020242829779853035,0.0054189601184377245,0.0,0.0,0.0,4.077194969165407,0.8,1.4903586388439543,-0.0928398329631357,0.043744086684656305,-0.011445231872667976,-0.019280255329480064,0.2268346669656911,0.2,0.2,0.2,0.2,0.2
20.795,0.7435528246321959,0.6981317007977318,0.6981317007977318,-0.10669814024767582,-0.1425982034813319,-0.6667591900442522,-0.4202129515931707,0.0,-0.02091814776269207,-0.16969917548363478,0.002049829007239846,0.005463769325159654,0.0,0.0,0.0,4.077194969165407,0.8,-0.29547747112936484,-0.09733313840440783,0.07491046446328298,-0.014650812682813508,0.03927738585464123,0.004545298017582411,0.7430385898104399,0.2076732515047928,0.04927934636755061,4.4061586083569075e-06,4.4061586083569075e-06
20.900000000000002,0.7434237976287875,0.6981317007977318,0.6981317007977318,-0.08935662558911954,0.7196723195427085,2.862759060215835,-0.6462114474824076,0.0,-0.7269524994163281,-0.1725500204479081,0.0019735857305840303,0.00538778966884606,0.0,0.0,0.0,4.077194969165407,0.8,-1.5976169703128864,-0.143956753544779,0.14855840045456614,-0.020690278122053304,0.03041864941900633,-0.2240759172494553,0.2,0.2,0.2,0.2,0.2
21.005,0.7432314847040119,0.6981317007977318,0.6981317007977318,-0.09973605635808427,0.60213658651926,2.3752394162202908,-0.0137863870158553,0.0,-1.709856810630041,-0.1753993610369677,0.0018615190308121348,0.005253545226692196,0.0,0.0,0.0,4.077194969165407,0.8,-0.27903809345839115,-0.203574711378038,0.1856680770142691,-0.022101530271877577,-0.04851155622000282,-0.10893547248641267,5.254658578896308e-05,5.254658578896308e-05,5.254658578896308e-05,0.3823324332757201,0.617509926966913
21.105,0.7432683754547121,0.6981317007977318,0.6981317007977318,-0.1264607489901506,-0.6303973513364558,-2.6714215086363153,0.6046132546077224,0.0,-0.7908511111531876,-0.1781121511673692,0.0019571235592669256,0.005339367492977981,0.0,0.0,0.0,4.077194969165407,0.8,1.8099005750163606,-0.14944303290048527,0.09055164210328648,-0.01609698163632692,-0.05317970643168942,0.2353851782511025,0.2,0.2,0.2,0.2,0.2
21.205000000000002,0.7434485407447978,0.6981317007977318,0.6981317007977318,-0.10938670522998352,-0.35072079983261073,-1.517466444843175,-0.34243482653935875,0.0,-0.03128397327888696,-0.1808218525182463,0.002111908878338524,0.00552561254017764,0.0,0.0,0.0,4.077194969165407,0.8,-0.2607583519831742,-0.013589759969492465,-0.001246163937454428,-0.01233736484962879,0.05732839604898017,0.0373435955564656,0.8210373320378839,0.1571200680916248,0.0072808666234971675,0.0072808666234971675,0.0072808666234971675
21.31,0.7433094766102194,0.6981317007977318,0.6981317007977318,-0.09265392128619611,0.5640653441387714,2.225681246374196,-0.5385034179891838,0.0,-1.7085684976056874,-0.18366432946273145,0.002002449717226943,0.005417832061093105,0.0,0.0,0.0,4.077194969165407,0.8,-1.4053126041337265,-0.06771220600539679,0.07722288281499007,-0.01611966208539643,0.033192666720257794,-0.18661617803736563,0.0012881224640792503,0.0012881224640792503,0.0012881224640792503,0.5900534508889071,0.40608218171885513
21.41,0.7430663846810612,0.6981317007977318,0.6981317007977318,-0.10682486631016896,0.41701364641545713,1.6147860481902885,0.23807231643790083,0.0,-1.709642501822466,-0.18637050124744514,0.001846025407112289,0.005234543214811972,0.0,0.0,0.0,4.077194969165407,0.8,0.4086804073755239,-0.18654593459944574,0.1580818148927683,-0.018519658038220983,-0.07153651338833442,-0.024408795138274986,0.00010710571206824851,4.134645372709426e-05,0.0010781888841085573,0.2043214173421239,0.7944519416079722
21.51,0.7431614567508513,0.6981317007977318,0.6981317007977318,-0.1266469948341633,-0.6686591077845413,-2.8275711462130917,0.6248454285948719,0.0,-0.791172273856771,-0.18907623126600806,0.001974285791663113,0.005363539290023908,0.0,0.0,0.0,4.077194969165407,0.8,1.7644362080450264,-0.11650552856870716,0.06008728927109374,-0.01220865115688742,-0.043739034732936735,0.23825852539384673,0.2,0.2,0.2,0.2,0.2
21.615000000000002,0.743286484338081,0.6981317007977318,0.6981317007977318,-0.11568769390463922,-0.5225699536989977,-2.2231697413822644,0.33316746358956073,0.0,-0.7751443875953226,-0.19191463813406562,0.0020872849934016036,0.005499647933724449,0.0,0.0,0.0,4.077194969165407,0.8,0.39327082820055104,-0.021061629116158165,-0.0067637730148669695,-0.009153403870986114,0.03708645871962625,0.11614126064906038,0.2,0.2,0.2,0.2,0.2
21.72,0.7432262441866972,0.6981317007977318,0.6981317007977318,-0.0940483706725848,0.3990694427281325,1.5518452277007164,-0.5060722874851262,0.0,-1.703717992143162,-0.19474938505464995,0.0020419153352934237,0.005465414958483517,0.0,0.0,0.0,4.077194969165407,0.8,-1.4219969178182499,-0.058137594025949535,0.06701456752545965,-0.01364658517292187,0.0510034952390819,-0.16603759933056406,5.141553289407767e-06,5.141553289407767e-06,5.141553289407767e-06,0.4265624258273726,0.5734221495127592
21.82,0.7429809027246683,0.6981317007977318,0.6981317007977318,-0.09719342766490512,0.6785534567048924,2.68883999785506,-0.5522860100259422,0.0,-0.7433703254146351,-0.19744692149948992,0.0018770570166357107,0.005279038466714976,0.0,0.0,0.0,4.077194969165407,0.8,-0.5764821877300843,-0.18563520297426533,0.17593013237305566,-0.018933297100833718,-0.03854696404487778,-0.14455807610400262,0.2,0.2,0.2,0.2,0.2
21.92,0.7429056147864684,0.6981317007977318,0.6981317007977318,-0.12674460094325035,-0.4740320915026125,-2.0341169394520078,0.6454757562571223,0.0,-0.7914608960299263,-0.2001424588449563,0.0018932526235297396,0.005272852529447783,0.0,0.0,0.0,4.077194969165407,0.8,2.0539123412426097,-0.20242831218545165,0.13670437002785857,-0.01651818493620915,-0.08368751355719298,0.23308862998165214,0.2,0.2,0.2,0.2,0.2
22.025000000000002,0.7430296683234632,0.6981317007977318,0.6981317007977318,-0.12464377847840949,-0.7458961791001586,-3.1408791717295936,0.5188780867128063,0.0,-0.7884696798538358,-0.20296967200012025,0.0020267513640417306,0.00542325077925243,0.0,0.0,0.0,4.077194969165407,0.8,1.4141912090788633,-0.09857553058853141,0.045716892251701,-0.01251872531076698,-0.008692482175238754,0.2238474778697812,0.2,0.2,0.2,0.2,0.2
22.13,0.7430937215358778,0.6981317007977318,0.6981317007977318,-0.10116822951649394,0.012180839946377198,-0.03127092426361703,-0.5832624990966869,0.0,-0.1399131193413553,-0.2057931352394513,0.002085055662166722,0.00550467009416586,0.0,0.0,0.0,4.077194969165407,0.8,-0.9191586658009445,-0.043093659856718425,0.040886664249204424,-0.013845480993238615,0.05889985098464622,-0.07104226032845107,0.4105665139512075,0.13861267312498968,0.44723835629643777,0.0006711478116591181,0.0029113088157059087
22.23,0.7428596502805412,0.6981317007977318,0.6981317007977318,-0.09085616327987635,0.8560091902164292,3.417431433285878,-0.787144865837831,0.0,-0.7305328665254048,-0.20847974329707378,0.0019072487606897335,0.005314093037771222,0.0,0.0,0.0,4.077194969165407,0.8,-1.2522407551211039,-0.14821287706715014,0.15556396766287206,-0.01968913724390072,-0.015365965308807643,-0.22438858702995157,0.2,0.2,0.2,0.2,0.2
22.330000000000002,0.7427720421403129,0.6981317007977318,0.6981317007977318,-0.12273634784988642,-0.3460172141437625,-1.508968723031487,0.5106814213677049,0.0,-0.7859226986551879,-0.21116633734522178,0.0019067745455894135,0.0052903997086394434,0.0,0.0,0.0,4.077194969165407,0.8,1.6409150235577687,-0.17250511508866823,0.11747366016687355,-0.01614356116260275,-0.0715924979676621,0.18176708042274026,0.2,0.2,0.2,0.2,0.2
22.435,0.7428745912970098,0.6981317007977318,0.6981317007977318,-0.1298326588363449,-0.941265900773711,-3.9415907223505955,0.6965146628028009,0.0,-0.7956582705734403,-0.21398421408915388,0.0020340016135474872,0.005427395715075748,0.0,0.0,0.0,4.077194969165407,0.8,1.8529149383663768,-0.09404590166970023,0.03314338475330653,-0.01162257213785522,-0.01826665853771753,0.2862219832333375,0.2,0.2,0.2,0.2,0.2
22.535,0.7428949669107437,0.6981317007977318,0.6981317007977318,-0.09639460767860557,0.30976078214899205,1.1858394164797275,-0.7157625662314746,0.0,-1.7118761002050578,-0.216663504154116,0.0020420405507474253,0.005461401756315455,0.0,0.0,0.0,4.077194969165407,0.8,-1.203844846652304,-0.06312200845626637,0.06688638729506322,-0.01513929777394607,0.046964980928708606,-0.13512716607072495,2.0543008195355625e-06,2.0543008195355625e-06,2.0543008195355625e-06,0.4860858398561459,0.5139079972413955
22.635,0.7426241006720624,0.6981317007977318,0.6981317007977318,-0.09630860259015665,0.778254384308736,3.096047978362374,-0.5741795167949767,0.0,-0.7418528113354675,-0.21934042826852443,0.0018548004651830932,0.005252622239735603,0.0,0.0,0.0,4.077194969165407,0.8,-0.5748884744141538,-0.19730254021230548,0.18737627788914818,-0.021096736880914947,-0.04803816974415792,-0.15702312196947465,0.2,0.2,0.2,0.2,0.2
22.740000000000002,0.7425653173661562,0.6981317007977318,0.6981317007977318,-0.11898192778703126,-0.1332402377346072,-0.6384319692115683,0.3841056211387227,0.0,-0.009971401602877492,-0.22215029103790848,0.0018711627331496332,0.005254201951065063,0.0,0.0,0.0,4.077194969165407,0.8,1.4247816557883795,-0.20481711179118356,0.1510024672763287,-0.018331362548922852,-0.07932172320764747,0.13408553115003108,0.7427141054634451,0.25435092034569623,0.0013101942580132366,0.0008123899664227608,0.0008123899664227608
22.845,0.7426858448834291,0.6981317007977318,0.6981317007977318,-0.12634515927221457,-0.7587663645452588,-3.1947145317136263,0.5889640867753899,0.0,-0.7910430422683838,-0.22495757308549005,0.0020124843972558724,0.005405362590911516,0.0,0.0,0.0,4.077194969165407,0.8,1.6062216526829136,-0.11145810703233783,0.05602268881257541,-0.013393320335851385,-0.025089754085546437,0.2381434522696242,0.2,0.2,0.2,0.2,0.2
22.945,0.7427885862287015,0.6981317007977318,0.6981317007977318,-0.09998123618872694,0.054315771039436134,0.14147099947734756,-0.6283002267285641,0.0,-0.3746925136712517,-0.22762761921184524,0.002093684615984503,0.005515409445552732,0.0,0.0,0.0,4.077194969165407,0.8,-1.057323488484485,-0.025293841916172455,0.028232936016616764,-0.013389620082547979,0.06334048170948113,-0.08739102231998164,0.23905371204828466,0.09227782640972874,0.5397695885626954,0.030148396453893098,0.09875047652539815
23.045,0.7425482164436561,0.6981317007977318,0.6981317007977318,-0.09221388170953611,0.8124629046375995,3.2387985620543054,-0.7553778029042357,0.0,-0.7335885048376608,-0.23029570118060938,0.0019099758961486238,0.005317139287443462,0.0,0.0,0.0,4.077194969165407,0.8,-1.1407965948016674,-0.13521320832920614,0.14261575673799848,-0.018703087334655345,-0.01805100959823901,-0.20909360950639755,0.2,0.2,0.2,0.2,0.2
23.150000000000002,0.7424370341093659,0.6981317007977318,0.6981317007977318,-0.11517311101681274,0.01951211730386765,-0.012583782304355737,0.2660024626884806,0.0,-0.023436181758500436,-0.23309659938887792,0.0018796647817914491,0.005267749906657477,0.0,0.0,0.0,4.077194969165407,0.8,1.0460094882731124,-0.1794212706260589,0.13726781652480458,-0.01704552998283798,-0.07160480406000366,0.08244976482410293,0.674831680395021,0.283763598995225,0.04139795988289051,3.3803634319175182e-06,3.3803634319175182e-06
23.255,0.7424671144914219,0.6981317007977318,0.6981317007977318,-0.12673139460426372,-0.6378468921307954,-2.70201125537688,0.6097242949559599,0.0,-0.7917054053629633,-0.23589392014611865,0.001960852290480218,0.00534913880428698,0.0,0.0,0.0,4.077194969165407,0.8,1.8134158719927633,-0.15734540073281678,0.09626075603956931,-0.014888721178852064,-0.05223587961653219,0.23704527517391338,0.2,0.2,0.2,0.2,0.2
23.355,0.7425833003736565,0.6981317007977318,0.6981317007977318,-0.11198826198737039,-0.4078869689959987,-1.7526253075685085,0.1621188812822321,0.0,-0.7697404603437492,-0.2385537262344868,0.0020850569594219174,0.0054982723508119466,0.0,0.0,0.0,4.077194969165407,0.8,0.06168194080770917,-0.0781257654437073,0.05055644723354501,-0.014389621203464526,0.042297201522273446,0.0702150791538998,0.2,0.2,0.2,0.2,0.2
23.455000000000002,0.7424439254040351,0.6981317007977318,0.6981317007977318,-0.0902724795044816,0.6804948893968896,2.702292355988183,-0.6418823375544397,0.0,-0.7295298780022328,-0.24120973003772075,0.0019810621202465497,0.005397627470160343,0.0,0.0,0.0,4.077194969165407,0.8,-1.549063003886003,-0.12341014058694699,0.13198680697861553,-0.019960723300540766,0.0288807184225497,-0.2155009170834028,0.2,0.2,0.2,0.2,0.2
23.56,0.7422495532542227,0.6981317007977318,0.6981317007977318,-0.09738216911276291,0.6767573138709707,2.6813657801704056,-0.5553194940827457,0.0,-0.7441742828992876,-0.24399659165226933,0.0018689697321499442,0.005266953667340651,0.0,0.0,0.0,4.077194969165407,0.8,-0.5266757881910493,-0.20735593916618678,0.19333829645166115,-0.022648107684070645,-0.04140052817827443,-0.13964075605828308,0.2,0.2,0.2,0.2,0.2
23.66,0.7421756825832396,0.6981317007977318,0.6981317007977318,-0.1266620156016272,-0.46690127817026883,-2.00497715493402,0.6311633300312867,0.0,-0.7917831440117518,-0.24664837948643667,0.0018887434274924013,0.0052654196724714886,0.0,0.0,0.0,4.077194969165407,0.8,2.0631902381665075,-0.2191543125982055,0.14832332065044151,-0.019680726169030018,-0.08541733707144898,0.23328595230303772,0.2,0.2,0.2,0.2,0.2
23.76,0.7423567834669349,0.6981317007977318,0.6981317007977318,-0.11741291308294613,-0.5547590360645386,-2.355791081407744,0.41371711778495524,0.0,-0.7783389985962791,-0.24929717067367194,0.002062551326594384,0.0054674562241919765,0.0,0.0,0.0,4.077194969165407,0.8,0.6423731779832735,-0.07619885459580844,0.03530804570992515,-0.014749440034223774,0.025425542534934585,0.1418200150344735,0.2,0.2,0.2,0.2,0.2
23.865000000000002,0.742323432814889,0.6981317007977318,0.6981317007977318,-0.09307634923227871,0.43695321853958313,1.7070823850043981,-0.5425252886960547,0.0,-1.705417381178882,-0.2520747630084235,0.002037402070114934,0.005457515134308979,0.0,0.0,0.0,4.077194969165407,0.8,-1.4880570209037263,-0.07165657369968748,0.07944340798015875,-0.017631434843242953,0.05185143935869151,-0.1754709114525077,1.3531250096932477e-05,1.3531250096932477e-05,1.3531250096932477e-05,0.4724560064681694,0.5275033997815398
23.97,0.7421373103639685,0.6981317007977318,0.6981317007977318,-0.09099882004081597,0.8493799790562091,3.390288721485142,-0.7799325526070309,0.0,-0.7312679076520008,-0.2548504508834045,0.0019114628902533242,0.005318152347645478,0.0,0.0,0.0,4.077194969165407,0.8,-1.2556033455213829,-0.147462167044485,0.15487076189430513,-0.02093455938716206,-0.014946681783120235,-0.22322456858034,0.2,0.2,0.2,0.2,0.2
24.07,0.7420573549024309,0.6981317007977318,0.6981317007977318,-0.12310841179774416,-0.3642331603098823,-1.5835363382568646,0.5252314687504406,0.0,-0.7868793082367393,-0.25749393702465107,0.0019129999793656201,0.005297474351846566,0.0,0.0,0.0,4.077194969165407,0.8,1.6519767965331376,-0.16204127304857796,0.10613315131929828,-0.016376662297168606,-0.07042030912459037,0.1857007907564825,0.2,0.2,0.2,0.2,0.2
24.17,0.7422276339331151,0.6981317007977318,0.6981317007977318,-0.12233149170716996,-0.7853868604473362,-3.3000405496302285,0.5854839138258419,0.0,-0.7856670450691141,-0.2601343012762367,0.0020887164977389794,0.005496236201289433,0.0,0.0,0.0,4.077194969165407,0.8,0.9864903639236502,-0.05575828051393622,0.010223725642143792,-0.01158150749321787,0.025478577823691978,0.20106758924540924,0.2,0.2,0.2,0.2,0.2
24.275000000000002,0.7421836048175408,0.6981317007977318,0.6981317007977318,-0.09669218009754768,0.3005270725134936,1.1479537240719855,-0.7116769855752388,0.0,-1.71078480785744,-0.2629027297241256,0.0020486267176158123,0.005469801077565213,0.0,0.0,0.0,4.077194969165407,0.8,-1.200679295041276,-0.04985320057926379,0.055662364902837005,-0.014764255749865805,0.04792990034097569,-0.13292163774022092,1.8873828138584255e-06,1.8873828138584255e-06,1.8873828138584255e-06,0.46673919637906397,0.5332551414724944
24.38,0.7419823765202911,0.6981317007977318,0.6981317007977318,-0.09062589591640229,0.8613937975447553,3.4395697410866397,-0.5984566684492469,0.0,-0.7305626203774249,-0.2656685996337544,0.001912145210190649,0.005323865690859215,0.0,0.0,0.0,4.077194969165407,0.8,-1.2855153699966042,-0.1470138591723965,0.15289444620860865,-0.019728856193582656,-0.007065737719509142,-0.22050071972350072,0.2,0.2,0.2,0.2,0.2
24.48,0.7418920793153668,0.6981317007977318,0.6981317007977318,-0.12160977163703679,-0.30298929823271714,-1.332634259775021,0.45354570332653,0.0,-0.7848245313212734,-0.2683020553863966,0.0019092096861965792,0.005296208305478356,0.0,0.0,0.0,4.077194969165407,0.8,1.5274963234451224,-0.1793380438996235,0.12451918020096348,-0.01686681639339576,-0.0689634585110364,0.16664679399436189,0.2,0.2,0.2,0.2,0.2
24.580000000000002,0.7419416522933535,0.6981317007977318,0.6981317007977318,-0.1254453178005292,-0.7538026616304765,-3.173756673983696,0.5429907900596775,0.0,-0.7902383247023861,-0.27093086980120246,0.002008023349233342,0.005404809232196813,0.0,0.0,0.0,4.077194969165407,0.8,1.5407917942985936,-0.16045406047561017,0.09512752930408935,-0.015896560149897286,-0.01715436811819461,0.23467952107358614,0.2,0.2,0.2,0.2,0.2
24.685000000000002,0.7420111768991529,0.6981317007977318,0.6981317007977318,-0.10057276169517587,0.031625481977869796,0.04848504666146128,-0.606474015643074,0.0,-0.18832342771591115,-0.2736859468275814,0.0020817384547419035,0.0055012422436713235,0.0,0.0,0.0,4.077194969165407,0.8,-0.9577700328742402,-0.07827598807769165,0.07237028338762472,-0.017413091591042935,0.05997497181875791,-0.07618516317394497,0.3333776455331305,0.12433188947487886,0.5218723228163544,0.004381288668291335,0.01603685350734483
24.79,0.7418617462708296,0.6981317007977318,0.6981317007977318,-0.08786066371889051,0.8088752616504289,3.2276536165083685,-0.72521300310097,0.0,-0.7245795145456619,-0.2764387472498568,0.0019735166675437597,0.005389956476753749,0.0,0.0,0.0,4.077194969165407,0.8,-1.7405867998042144,-0.1048270986092652,0.12221285918440299,-0.020460750373164877,0.026459336607013592,-0.2498420795128784,0.2,0.2,0.2,0.2,0.2
24.89,0.7416634435532604,0.6981317007977318,0.6981317007977318,-0.11513662695852712,0.03922101965069669,0.06780244243853639,0.2725455571269833,0.0,-0.029662445600603656,-0.279060125135629,0.001871732992128873,0.00525742912586484,0.0,0.0,0.0,4.077194969165407,0.8,1.072595874246769,-0.1889655343751226,0.14392640865930817,-0.01941226393521852,-0.07516342411639652,0.08248853832792591,0.6618368726543487,0.2824190739453153,0.05573861566253557,2.7188689003057206e-06,2.7188689003057206e-06
24.990000000000002,0.7418035640788779,0.6981317007977318,0.6981317007977318,-0.13002581445868602,-0.9403450970037084,-3.937990950349825,0.6956616939053996,0.0,-0.7965518990406268,-0.28167992256096497,0.0020362671146532917,0.00543088562664578,0.0,0.0,0.0,4.077194969165407,0.8,1.8597610357105374,-0.09150314707982676,0.028047878611491633,-0.012455668332718783,-0.018923215564244592,0.2873608401124943,0.2,0.2,0.2,0.2,0.2
